吖,口
阿,阝
锕,钅
錒,钅
嗄,口
啊,口
哎,口
哀,口
埃,土
挨,扌
唉,口
欸,欠
锿,钅
鎄,钅
捱,扌
皑,白
皚,白
癌,疒
嗳,口
矮,矢
蔼,艹
藹,艹
霭,雨
靄,雨
艾,艹
砹,石
爱,爫
隘,阝
碍,石
嗌,口
愛,爫
嫒,女
瑷,王
叆,厶
暧,日
僾,亻
薆,艹
噯,口
嬡,女
璦,王
曖,日
礙,石
安,宀
桉,木
氨,气
庵,广
谙,讠
啽,口
媕,女
鹌,鸟
腤,月
鞍,革
諳,讠
闇,門
鮟,魚
盫,皿
鵪,鸟
垵,土
俺,亻
埯,土
唵,口
铵,钅
揞,扌
晻,日
銨,钅
犴,犭
岸,山
按,扌
胺,月
案,木
暗,日
黯,黑
肮,月
骯,月
卬,卩
枊,木
昂,日
盎,皿
醠,酉
凹,凵
爊,火
敖,攵
嶅,山
遨,辶
蔜,艹
嗷,口
廒,广
璈,王
獒,犬
熬,灬
聱,耳
螯,虫
翱,羽
謷,言
鳌,鱼
鏖,金
鰲,鱼
芺,艹
袄,衤
媪,女
襖,衤
岙,山
垇,土
坳,土
拗,扌
奡,大
傲,亻
奥,大
骜,马
薁,艹
嶴,山
澳,氵
懊,忄
鏊,金
驁,马
八,八
巴,巳
扒,扌
叭,口
朳,木
芭,艹
夿,大
岜,山
疤,疒
捌,扌
笆,竹
粑,米
豝,豕
鲃,鱼
拔,扌
茇,艹
胈,月
菝,艹
跋,足
魃,鬼
鼥,鼠
把,扌
钯,钅
靶,革
坝,土
弝,弓
爸,父
耙,耒
罢,罒
鲅,鱼
罷,罒
鮁,鱼
霸,雨
壩,土
灞,氵
吧,口
掰,手
白,白
百,白
佰,亻
柏,木
栢,木
捭,扌
摆,扌
擺,扌
败,贝
拜,手
敗,贝
稗,禾
粺,禾
扳,扌
攽,攵
班,王
般,舟
颁,页
斑,文
搬,扌
頒,页
斒,文
瘢,疒
癍,疒
阪,阝
坂,土
板,木
版,片
钣,钅
舨,舟
鈑,钅
蝂,虫
魬,魚
办,力
半,十
扮,扌
伴,亻
坢,土
拌,扌
姅,女
绊,纟
柈,木
湴,氵
絆,纟
辦,力
瓣,瓜
邦,阝
帮,巾
梆,木
浜,氵
幫,巾
绑,纟
綁,纟
榜,木
膀,月
蚌,虫
棒,木
棓,木
傍,亻
谤,讠
塝,土
搒,扌
蒡,艹
稖,禾
蜯,虫
磅,石
镑,钅
謗,讠
鎊,钅
勹,勹
包,勹
苞,艹
孢,子
枹,木
胞,月
龅,齿
煲,火
褒,衣
齙,齿
雹,雨
薄,艹
饱,饣
宝,宀
保,亻
鸨,鸟
葆,艹
堡,土
飽,饣
褓,衤
鴇,鸟
緥,衤
寳,宀
寶,宀
报,扌
抱,扌
趵,足
豹,豸
菢,艹
報,扌
鉋,刂
鲍,鱼
暴,日
虣,虍
鮑,鱼
爆,火
鑤,刂
陂,阝
杯,木
卑,十
盃,木
桮,木
椑,木
悲,忄
碑,石
鹎,鸟
鵯,鸟
北,匕
贝,贝
孛,子
邶,阝
貝,贝
狈,犭
备,夂
背,月
钡,钅
倍,亻
狽,犭
悖,忄
被,衤
偝,亻
琲,王
辈,车
備,夂
惫,心
焙,火
蓓,艹
碚,石
骳,骨
褙,衤
輩,车
鋇,钅
憊,心
糒,米
鞴,革
鐾,金
呗,口
唄,口
奔,大
贲,贝
栟,木
賁,贝
锛,钅
錛,钅
本,木
苯,艹
畚,田
坌,土
倴,亻
笨,竹
伻,亻
祊,礻
崩,山
绷,纟
絣,糹
傰,亻
嘣,口
綳,纟
繃,纟
甭,用
菶,艹
琫,王
泵,水
迸,辶
甏,瓦
镚,钅
蹦,足
鏰,钅
皀,白
屄,尸
偪,辶
逼,辶
鲾,鱼
鎞,釒
鰏,鱼
柲,木
荸,艹
鼻,鼻
匕,匕
比,比
芘,艹
吡,口
佊,亻
疕,疒
沘,氵
妣,女
彼,彳
柀,木
秕,禾
笔,竹
俾,亻
舭,舟
粃,禾
筆,竹
鄙,阝
魮,魚
币,巾
必,心
毕,比
闭,门
庇,广
邲,阝
诐,讠
苾,艹
畀,田
珌,王
荜,艹
毖,比
哔,口
陛,阝
毙,比
畢,比
铋,钅
狴,犭
萆,艹
梐,木
閉,门
庳,广
敝,攵
婢,女
堛,土
皕,白
赑,贝
筚,竹
詖,讠
愊,忄
愎,忄
弼,弓
蓽,艹
蓖,艹
閟,門
跸,足
嗶,口
鉍,钅
腷,月
痹,疒
煏,火
滗,氵
裨,衤
碧,石
蔽,艹
馝,香
箅,竹
弊,廾
幣,巾
髲,髟
駜,馬
薜,艹
觱,角
篳,竹
篦,竹
鮅,魚
壁,土
避,辶
嬖,女
鞞,革
蹕,足
髀,骨
斃,比
濞,氵
臂,月
奰,大
饆,飠
璧,玉
襣,衤
襞,衣
躄,足
鷩,鳥
鸊,鳥
边,辶
砭,石
笾,竹
萹,艹
编,纟
煸,火
蝙,虫
箯,竹
編,纟
鳊,鱼
鞭,革
邊,辶
鯿,鱼
籩,竹
贬,贝
窆,穴
扁,户
匾,匚
貶,贝
惼,忄
碥,石
稨,禾
褊,衤
藊,艹
卞,卜
弁,廾
抃,扌
苄,艹
汳,氵
汴,氵
忭,忄
变,又
昪,日
便,亻
覍,廾
揙,扌
徧,彳
遍,辶
缏,纟
艑,舟
緶,纟
辨,辛
辩,辛
辫,辛
辮,辛
辯,辛
變,又
杓,木
标,木
飑,风
骉,马
髟,髟
彪,彡
猋,犬
摽,扌
幖,巾
颮,风
滮,氵
骠,马
標,木
膘,月
麃,鹿
熛,火
飙,风
镖,钅
飚,风
瘭,疒
藨,艹
瀌,氵
鏢,钅
臕,月
镳,钅
穮,禾
驃,马
飆,风
飈,风
鑣,钅
驫,马
表,衣
婊,女
裱,衤
褾,衤
檦,木
俵,亻
鳔,鱼
鰾,鱼
憋,心
鳖,鱼
鱉,鱼
虌,艹
别,刂
蹩,足
瘪,疒
癟,疒
邠,阝
玢,王
宾,宀
彬,彡
傧,亻
斌,文
滨,氵
缤,纟
槟,木
賓,宀
镔,钅
儐,亻
濒,氵
豳,豕
濱,氵
檳,木
瀕,氵
繽,纟
鑌,钅
摈,扌
殡,歹
膑,月
擯,扌
殯,歹
臏,月
髌,骨
鬓,髟
髕,骨
鬢,髟
冰,冫
兵,八
丙,一
邴,阝
秉,禾
柄,木
饼,饣
炳,火
蛃,虫
禀,示
餅,饣
疒,疒
并,干
幷,干
併,干
並,干
病,疒
竝,干
摒,扌
拨,扌
波,氵
玻,王
砵,石
哱,口
钵,钅
饽,饣
剥,刂
菠,艹
鉢,钅
播,扌
撥,扌
嶓,山
餑,饣
伯,亻
驳,马
帛,巾
瓝,瓜
勃,力
钹,钅
铂,钅
瓟,瓜
亳,亠
浡,氵
袯,衤
舶,舟
脖,月
博,十
葧,艹
鹁,鸟
渤,氵
搏,扌
鈸,钅
鲌,鱼
馎,饣
駁,马
僰,人
箔,竹
膊,月
踣,足
镈,钅
馞,香
壆,子
鮊,鱼
襏,衤
鵓,鸟
餺,饣
襮,衤
礴,石
鑮,钅
跛,足
簸,竹
檗,木
擘,手
卜,卜
啵,口
蔔,卜
逋,辶
峬,山
钸,钅
庯,广
晡,日
鈽,钅
醭,酉
卟,卜
补,衤
捕,扌
哺,口
補,衤
鵏,鳥
不,一
布,巾
步,止
吥,口
怖,忄
钚,钅
埗,土
部,阝
埠,土
鈈,钅
瓿,瓦
蔀,艹
餔,飠
篰,竹
簿,竹
擦,扌
嚓,口
礤,石
偲,亻
猜,犭
才,扌
材,木
财,贝
財,贝
裁,衣
采,采
倸,目
採,采
彩,彡
睬,目
跴,足
綵,糹
踩,足
菜,艹
蔡,艹
縩,糹
参,厶
參,厶
骖,马
湌,飠
飱,飠
餐,飠
驂,马
残,歹
蚕,虫
惭,忄
殘,歹
慚,忄
蠶,虫
惨,忄
慘,忄
憯,忄
黪,黑
黲,黑
灿,火
粲,米
璨,王
燦,火
仓,人
伧,亻
苍,艹
沧,氵
鸧,鸟
舱,舟
倉,人
蒼,艹
滄,氵
艙,舟
鶬,鸟
藏,艹
鑶,釒
撡,扌
操,扌
糙,米
曹,曰
嘈,口
漕,氵
槽,木
螬,虫
艚,舟
艹,艹
艸,艹
草,艹
册,丿
厕,厂
侧,亻
测,氵
恻,忄
敇,攵
厠,厂
側,亻
策,竹
廁,厂
測,氵
惻,忄
筞,竹
箣,竹
岑,山
涔,氵
梣,木
噌,口
层,尸
曾,曰
嶒,山
層,尸
蹭,足
叉,又
扱,扌
杈,木
臿,臼
挿,扌
插,扌
嗏,口
馇,饣
锸,钅
艖,舟
鍤,钅
餷,饣
垞,土
茬,艹
茶,艹
查,木
搽,扌
嵖,山
猹,犭
槎,木
詧,宀
碴,石
察,宀
檫,木
衩,衤
蹅,足
镲,钅
汊,氵
岔,山
侘,亻
诧,讠
差,工
姹,女
詫,讠
拆,扌
钗,钅
釵,钅
侪,亻
柴,木
豺,豸
儕,亻
茝,艹
虿,虫
瘥,疒
蠆,虫
觇,见
掺,扌
搀,扌
覘,见
摻,扌
幨,巾
襜,衤
攙,扌
谗,讠
婵,女
馋,饣
禅,礻
孱,子
缠,纟
蝉,虫
僝,亻
鋋,釒
廛,广
潺,氵
嬋,女
澶,氵
禪,礻
镡,钅
蟬,虫
瀍,氵
蟾,虫
巉,山
纏,纟
躔,足
镵,钅
讒,讠
鑱,钅
饞,饣
产,亠
刬,刂
浐,氵
谄,讠
铲,钅
産,亠
阐,门
蒇,艹
滻,氵
蕆,艹
諂,讠
骣,马
燀,火
冁,丷
繟,糹
鏟,钅
闡,门
囅,丷
忏,忄
剗,刂
颤,页
懺,忄
羼,尸
韂,革
顫,页
伥,亻
昌,日
倀,亻
菖,艹
猖,犭
阊,门
娼,女
琩,王
閶,门
鲳,鱼
鯧,鱼
苌,艹
肠,月
長,长
尝,小
萇,艹
常,巾
偿,亻
徜,彳
場,土
腸,月
塲,土
嘗,小
嫦,女
嚐,小
償,亻
鲿,鱼
厂,厂
场,土
昶,日
惝,忄
敞,攵
厰,厂
廠,厂
氅,毛
鋹,釒
怅,忄
畅,田
倡,亻
鬯,鬯
唱,口
悵,忄
暢,日
韔,韋
抄,扌
怊,忄
弨,弓
钞,钅
超,走
鈔,钅
焯,火
晁,日
巢,巛
朝,月
鼌,黽
嘲,口
潮,氵
鼂,黽
謿,口
吵,口
炒,火
眧,目
麨,麥
耖,耒
车,车
伡,亻
砗,石
唓,口
硨,石
扯,扌
撦,扌
彻,彳
坼,土
掣,手
撤,扌
徹,彳
澈,氵
抻,扌
郴,阝
琛,王
嗔,口
綝,糹
瞋,目
臣,臣
尘,小
辰,辰
沉,氵
忱,忄
陈,阝
宸,宀
陳,阝
晨,日
谌,讠
塵,小
諶,讠
趻,足
硶,石
碜,石
墋,土
磣,石
踸,足
衬,衤
疢,疒
龀,齿
趁,走
趂,走
榇,木
齔,齿
儭,亻
谶,讠
櫬,木
襯,衤
傖,亻
柽,木
琤,王
称,禾
蛏,虫
偁,亻
赪,赤
稱,禾
撑,扌
橕,扌
瞠,目
檉,木
蟶,虫
成,戈
丞,一
呈,口
枨,木
郕,阝
诚,讠
承,手
城,土
乗,丿
宬,宀
埕,土
晟,日
乘,丿
珵,王
铖,钅
脭,月
堘,土
棖,木
程,禾
惩,心
裎,衤
塍,土
誠,讠
酲,酉
鋮,钅
澂,氵
澄,氵
橙,木
懲,心
逞,辶
骋,马
騁,马
秤,禾
牚,牙
吃,口
哧,口
鸱,鸟
蚩,虫
眵,目
笞,竹
瓻,瓦
喫,口
摛,扌
嗤,口
痴,疒
媸,女
絺,糹
螭,虫
鴟,鸟
魑,鬼
癡,疒
攡,扌
黐,黍
池,氵
弛,弓
驰,马
迟,辶
茌,艹
持,扌
竾,竹
馳,马
漦,水
墀,土
踟,足
遲,辶
篪,竹
尺,尸
呎,口
齿,齿
侈,亻
耻,耳
恥,耳
豉,豆
褫,衤
彳,彳
叱,口
斥,斤
赤,赤
饬,饣
抶,扌
勅,攵
炽,火
翅,羽
翄,羽
敕,攵
痓,疒
飭,饣
啻,口
傺,亻
憏,忄
瘛,疒
熾,火
冲,冫
充,儿
忡,忄
茺,艹
翀,羽
舂,臼
憃,心
衝,冫
憧,忄
艟,舟
虫,虫
崇,山
蟲,虫
宠,宀
寵,宀
铳,钅
銃,钅
抽,扌
紬,糹
搊,扌
篘,竹
瘳,疒
犨,牛
仇,亻
俦,亻
帱,巾
惆,忄
绸,纟
椆,木
畴,田
酬,酉
酧,酉
稠,禾
愁,心
筹,竹
詶,酉
裯,衤
踌,足
綢,纟
儔,亻
幬,巾
懤,忄
雠,隹
疇,田
籌,竹
醻,酉
躊,足
讐,隹
讎,隹
丑,一
杻,木
偢,亻
瞅,目
醜,一
矁,目
臭,自
殠,歹
出,凵
初,刀
摴,扌
樗,木
刍,刀
除,阝
芻,刀
厨,厂
锄,钅
滁,氵
蜍,虫
雏,隹
鋤,钅
廚,厂
橱,木
躇,足
幮,巾
雛,隹
蹰,足
鶵,隹
杵,木
础,石
楮,木
储,亻
楚,木
褚,衤
儲,亻
礎,石
齼,齒
亍,二
处,夂
処,夂
怵,忄
绌,纟
俶,亻
畜,田
處,夂
絀,纟
琡,王
搐,扌
触,角
滀,氵
諔,言
憷,忄
歜,欠
黜,黑
觸,角
矗,目
欻,欠
揣,扌
搋,扌
膗,月
啜,口
踹,足
膪,月
川,川
巛,巛
氚,气
穿,穴
传,亻
舡,舟
舩,舟
船,舟
遄,辶
圌,竹
椽,木
傳,亻
篅,竹
舛,夕
荈,艹
喘,口
歂,欠
僢,亻
串,丨
钏,钅
釧,钅
疮,疒
窓,穴
窗,穴
牎,穴
摐,扌
瘡,疒
窻,穴
床,广
牀,广
噇,口
幢,巾
闯,门
闖,门
创,刂
怆,忄
創,刂
愴,忄
吹,口
炊,火
垂,土
陲,阝
捶,扌
菙,艹
搥,扌
棰,木
槌,木
锤,钅
箠,木
錘,钅
鎚,钅
春,日
萅,日
堾,土
椿,木
蝽,虫
輴,車
鰆,魚
纯,纟
莼,艹
唇,口
純,纟
脣,口
淳,氵
湻,氵
蒓,艹
鹑,鸟
漘,氵
醇,酉
醕,酉
錞,釒
鶉,鸟
惷,虫
踳,足
蠢,虫
逴,辶
踔,足
戳,戈
辵,辵
娖,女
婥,女
绰,纟
辍,车
綽,纟
輟,车
龊,齿
歠,欠
齪,齿
呲,齿
疵,疒
跐,足
骴,骨
词,讠
茈,艹
茨,艹
祠,礻
瓷,瓦
詞,讠
辞,辛
甆,瓦
慈,心
磁,石
雌,隹
鹚,鸟
辤,辛
餈,米
糍,米
薋,艹
辭,辛
鶿,鸟
鷀,鸟
此,止
佌,亻
泚,氵
玼,王
次,欠
伺,亻
刺,刂
佽,亻
莿,艹
赐,贝
賜,贝
匆,勹
苁,艹
囱,囗
茐,艹
枞,木
怱,勹
悤,勹
葱,艹
楤,木
蔥,艹
蓯,艹
骢,马
璁,王
聪,耳
樅,木
聰,耳
驄,马
从,人
丛,一
従,人
淙,氵
琮,王
樷,一
叢,一
凑,冫
楱,木
辏,车
腠,月
輳,车
粗,米
麤,米
徂,彳
殂,歹
促,亻
猝,犭
瘄,疒
蔟,艹
醋,酉
簇,竹
蹙,足
蹴,足
蹵,足
汆,水
撺,扌
镩,钅
蹿,足
攛,扌
躥,足
鑹,钅
攅,扌
欑,木
窜,穴
篡,竹
竄,穴
爨,火
崔,山
催,亻
摧,扌
榱,木
璀,王
脆,月
萃,艹
啐,口
淬,氵
悴,忄
琗,王
毳,毛
瘁,疒
粹,米
翠,羽
臎,月
邨,木
村,木
皴,皮
存,子
忖,忄
寸,寸
搓,扌
磋,石
撮,扌
蹉,足
髊,骨
嵯,山
矬,矢
痤,疒
鹾,卤
鹺,卤
齹,卤
脞,月
挫,扌
莝,艹
厝,厂
措,扌
锉,钅
错,钅
銼,钅
錯,钅
耷,耳
哒,口
搭,扌
嗒,口
褡,衤
噠,口
达,辶
沓,水
怛,忄
妲,女
荙,艹
笪,竹
達,辶
答,竹
靼,革
鞑,革
韃,革
打,扌
大,大
瘩,疒
呆,口
呔,口
獃,口
歹,歹
逮,辶
傣,亻
代,亻
甙,甘
岱,山
迨,辶
骀,马
绐,纟
玳,王
带,巾
殆,歹
贷,贝
待,彳
怠,心
埭,土
帶,巾
袋,衣
紿,纟
貸,贝
戴,戈
黛,黑
黱,黑
丹,丶
担,扌
单,十
眈,目
耼,耳
耽,耳
郸,阝
聃,耳
殚,歹
單,十
瘅,疒
鄲,阝
箪,竹
儋,亻
殫,歹
癉,疒
簞,竹
胆,月
疸,疒
紞,糹
掸,扌
赕,贝
亶,亠
撣,扌
擔,扌
膽,月
旦,日
但,亻
诞,讠
訑,言
萏,艹
啗,口
啖,口
淡,氵
惮,忄
弹,弓
蛋,虫
氮,气
誕,讠
噉,口
憚,忄
彈,弓
澹,氵
憺,忄
嚪,口
当,彐
铛,钅
裆,衤
當,彐
襠,衤
蟷,虫
鐺,钅
挡,扌
党,儿
谠,讠
擋,扌
檔,木
黨,儿
攩,扌
欓,木
讜,讠
凼,凵
砀,石
宕,宀
荡,艹
档,木
菪,艹
愓,忄
碭,石
蕩,艹
刀,刀
叨,口
忉,忄
氘,气
导,寸
岛,山
捣,扌
島,山
祷,礻
搗,扌
導,寸
擣,扌
蹈,足
禱,礻
到,刂
倒,亻
盗,皿
悼,忄
道,辶
稻,禾
纛,糸
得,彳
惪,戈
锝,钅
徳,彳
德,彳
鍀,钅
地,土
的,白
灯,火
登,癶
噔,口
燈,火
簦,竹
蹬,足
等,竹
戥,戈
邓,阝
凳,几
鄧,阝
嶝,山
磴,石
瞪,目
镫,钅
櫈,几
鐙,钅
氐,氏
低,亻
羝,羊
隄,土
堤,土
滴,氵
镝,钅
鍉,釒
鞮,革
狄,犭
迪,辶
籴,米
荻,艹
敌,攵
涤,氵
笛,竹
觌,见
滌,氵
嘀,口
嫡,女
翟,羽
敵,攵
藋,艹
鏑,钅
糴,米
鸐,鳥
邸,阝
诋,讠
坻,土
抵,扌
底,广
柢,木
砥,石
菧,艹
詆,讠
骶,骨
玓,王
弟,弓
俤,亻
帝,巾
递,辶
娣,女
珶,王
第,竹
谛,讠
蒂,艹
棣,木
睇,目
缔,纟
遞,辶
蔕,艹
碲,石
締,纟
諦,讠
嗲,口
掂,扌
滇,氵
颠,页
顛,页
巅,山
癫,疒
巓,山
癲,疒
丶,丶
典,八
点,灬
碘,石
踮,足
點,灬
电,田
佃,亻
甸,田
阽,阝
坫,土
店,广
玷,王
垫,土
钿,钅
淀,氵
惦,忄
奠,大
電,田
鈿,钅
殿,殳
墊,土
靛,青
簟,竹
癜,疒
刁,刀
叼,口
凋,冫
貂,豸
碉,石
雕,隹
鲷,鱼
鵰,隹
鯛,鱼
弔,口
吊,口
钓,钅
调,讠
掉,扌
铞,钅
铫,钅
釣,钅
銱,钅
調,讠
爹,父
跌,足
迭,辶
垤,土
瓞,瓜
啑,口
谍,讠
堞,土
揲,扌
耋,耂
喋,口
牒,片
叠,又
碟,石
蜨,虫
蝶,虫
蹀,足
諜,讠
鲽,鱼
曡,又
鰈,鱼
疊,又
丁,一
仃,亻
叮,口
玎,王
盯,目
町,田
钉,钅
疔,疒
耵,耳
酊,酉
釘,钅
顶,页
頂,页
鼎,鼎
订,讠
矴,石
定,宀
訂,讠
啶,口
铤,钅
椗,石
腚,月
碇,石
锭,钅
鋌,钅
錠,钅
丢,一
铥,钅
銩,钅
东,一
冬,冫
苳,艹
東,一
咚,口
岽,山
氡,气
鸫,鸟
鶇,鸟
董,艹
蕫,艹
懂,忄
动,力
冻,冫
侗,亻
垌,土
栋,木
峒,山
胨,月
洞,氵
恫,忄
胴,月
凍,冫
硐,石
動,力
棟,木
腖,月
都,阝
兜,儿
兠,儿
蔸,艹
篼,竹
阧,阝
抖,扌
钭,钅
陡,阝
蚪,虫
斗,斗
豆,豆
郖,阝
逗,辶
鬥,斗
痘,疒
窦,穴
鬦,斗
竇,穴
鬬,斗
督,目
嘟,口
毒,母
独,犭
读,讠
渎,氵
椟,木
犊,牜
牍,片
獨,犭
瀆,氵
櫝,木
犢,牜
牘,片
黩,黑
髑,骨
讀,讠
黷,黑
笃,竹
堵,土
赌,贝
睹,目
覩,目
賭,贝
篤,竹
芏,艹
杜,木
肚,月
妒,女
妬,女
度,广
渡,氵
镀,钅
鍍,钅
蠧,虫
蠹,虫
耑,一
端,立
短,矢
段,殳
断,斤
缎,纟
椴,木
煅,火
锻,钅
緞,纟
簖,竹
鍛,钅
斷,斤
籪,竹
堆,土
队,阝
对,寸
兑,儿
祋,礻
怼,心
隊,阝
碓,石
對,寸
憝,心
懟,心
吨,口
惇,忄
敦,攵
墩,土
墪,土
噸,口
燉,火
礅,石
镦,钅
蹲,足
鐓,钅
盹,目
趸,足
躉,足
囤,囗
沌,氵
炖,火
砘,石
钝,钅
盾,目
顿,页
遁,辶
鈍,钅
頓,页
遯,辶
憞,心
多,夕
咄,口
哆,口
掇,扌
裰,衤
夺,大
铎,钅
敚,攵
奪,大
踱,足
鐸,钅
朵,木
朶,木
垛,土
哚,口
缍,纟
躲,身
躱,身
亸,亠
剁,刂
刴,刂
垜,土
舵,舟
堕,土
惰,忄
跺,足
跥,足
憜,忄
墮,土
鵽,鳥
妸,女
屙,尸
婀,女
讹,讠
俄,亻
莪,艹
峨,山
峩,山
娥,女
訛,讠
锇,钅
鹅,鸟
蛾,虫
鋨,钅
頟,页
额,页
鵝,鸟
鵞,鸟
額,页
譌,讠
噁,口
厄,厂
戹,厂
阨,阝
扼,扌
苊,艹
呃,口
轭,车
呝,口
垩,土
咢,讠
恶,心
饿,饣
軛,车
鄂,阝
阏,门
谔,讠
惡,心
萼,艹
軶,车
遏,辶
愕,忄
腭,月
鹗,鸟
锷,钅
蕚,艹
颚,页
餓,饣
頞,頁
噩,口
諤,言
鍔,钅
鳄,鱼
顎,页
鶚,鸟
鰐,鱼
齶,月
鱷,鱼
诶,讠
恩,心
蒽,艹
摁,扌
儿,儿
而,而
兒,兒
鸸,鸟
鲕,鱼
鴯,鸟
鮞,鱼
尔,小
耳,耳
迩,辶
饵,饣
洱,氵
珥,王
铒,钅
爾,小
鉺,钅
餌,饣
邇,辶
二,二
佴,亻
贰,贝
貳,贝
樲,木
发,又
發,又
廢,广
乏,丿
伐,亻
罚,罒
垡,土
阀,门
栰,竹
筏,竹
閥,门
罰,罒
罸,罒
法,氵
砝,石
灋,氵
珐,王
琺,王
帆,巾
番,田
蕃,艹
幡,巾
藩,艹
翻,羽
飜,羽
凡,几
矾,石
钒,钅
烦,火
釩,钅
煩,火
樊,木
璠,王
燔,火
繁,糸
繙,羽
蹯,足
蘩,艹
礬,石
鐇,釒
瀿,氵
蠜,虫
反,又
返,辶
犯,犭
氾,氵
汎,氵
饭,饣
泛,氵
范,艹
贩,贝
畈,田
梵,木
販,贝
飯,饣
範,艹
方,方
邡,阝
坊,土
芳,艹
枋,木
钫,钅
鈁,钅
防,阝
妨,女
肪,月
房,户
鲂,鱼
魴,鱼
仿,亻
访,讠
纺,纟
昉,日
倣,彳
舫,舟
紡,纟
訪,讠
放,攵
飞,飞
妃,女
非,非
飛,飞
菲,艹
婓,女
啡,口
绯,纟
扉,户
裶,衣
蜚,虫
緋,纟
霏,雨
鲱,鱼
鯡,鱼
肥,月
淝,氵
腓,月
裵,衣
蟦,虫
匪,匚
诽,讠
悱,忄
斐,文
榧,木
翡,羽
誹,讠
篚,竹
芾,艹
吠,口
肺,月
狒,犭
废,广
沸,氵
费,贝
費,贝
痱,疒
镄,钅
鐨,钅
分,刀
芬,艹
吩,口
纷,纟
氛,气
紛,纟
酚,酉
雰,气
坟,土
汾,氵
棼,木
焚,火
蕡,艹
鼢,鼠
粉,米
份,亻
奋,大
忿,心
偾,亻
粪,米
愤,忄
僨,亻
墳,土
憤,忄
奮,大
膹,月
鲼,鱼
糞,米
瀵,氵
鱝,鱼
丰,丨
风,风
沣,氵
沨,氵
枫,木
封,寸
砜,石
風,风
疯,疒
峯,山
峰,山
烽,火
葑,艹
锋,钅
楓,木
蜂,虫
碸,石
瘋,疒
鋒,钅
豐,丨
酆,阝
灃,氵
冯,冫
逢,辶
馮,冫
渢,氵
縫,纟
讽,讠
唪,口
諷,讠
凤,几
奉,大
俸,亻
缝,纟
鳳,几
缶,缶
否,口
夫,大
呋,口
肤,月
荴,艹
麸,麦
趺,足
跗,足
稃,禾
鄜,阝
孵,子
麩,麦
敷,攵
膚,月
弗,弓
伏,亻
凫,几
扶,扌
芙,艹
佛,亻
孚,子
拂,扌
苻,艹
服,月
怫,忄
绂,纟
绋,纟
茯,艹
畐,辶
罘,罒
氟,气
俘,亻
鳬,几
郛,阝
祓,礻
莩,艹
砩,石
蚨,虫
浮,氵
琈,王
菔,艹
桴,木
符,竹
匐,勹
涪,氵
袱,衤
艴,色
紱,纟
紼,纟
葍,艹
幅,巾
辐,车
蜉,虫
粰,禾
福,礻
蝠,虫
幞,巾
輻,车
黻,黹
襆,巾
抚,扌
甫,用
拊,扌
斧,斤
府,广
胕,月
俯,亻
釜,金
辅,车
腑,月
滏,氵
輔,车
腐,肉
黼,黹
父,父
讣,讠
付,亻
负,贝
妇,女
附,阝
坿,阝
咐,口
阜,阜
驸,马
赴,走
复,夂
負,贝
訃,讠
副,刂
蚹,虫
婦,女
赋,贝
傅,亻
復,夂
富,宀
媍,女
腹,月
鲋,鱼
缚,纟
赙,贝
駙,马
蕧,艹
賦,贝
蝮,虫
蝜,虫
鮒,鱼
縛,纟
賻,贝
鳆,鱼
覆,覀
馥,香
鰒,鱼
旮,日
伽,亻
呷,口
嘎,口
钆,钅
尜,小
噶,口
尕,小
尬,尢
侅,亻
该,讠
陔,阝
垓,土
赅,贝
賅,贝
該,讠
改,攵
丐,一
匃,一
匄,一
钙,钅
盖,皿
鈣,钅
溉,氵
蓋,皿
概,木
槩,木
戤,戈
甘,甘
迀,辶
杆,木
肝,月
坩,土
苷,艹
矸,石
泔,氵
柑,木
竿,竹
酐,酉
疳,疒
尴,尢
尲,尢
尷,尢
扞,扌
秆,禾
赶,走
敢,攵
稈,禾
感,心
趕,走
澉,氵
橄,木
擀,扌
鱤,魚
干,干
旰,日
绀,纟
淦,氵
紺,纟
幹,幹
赣,贝
贛,贝
灨,贝
冈,冂
刚,刂
肛,月
纲,纟
岡,冂
疘,月
钢,钅
缸,缶
罡,罒
剛,刂
崗,山
綱,纟
鋼,钅
岗,山
港,氵
杠,木
筻,竹
槓,木
戆,心
皋,白
高,高
羔,灬
皐,白
臯,白
睪,目
睾,目
膏,月
篙,竹
糕,米
餻,米
杲,木
搞,扌
缟,纟
槁,木
槀,木
镐,钅
稿,禾
稾,禾
藁,艹
鎬,钅
告,口
郜,阝
诰,讠
锆,钅
誥,讠
鋯,钅
戈,戈
仡,亻
圪,土
纥,纟
肐,骨
疙,疒
咯,口
哥,口
胳,骨
鸽,鸟
袼,衤
搁,扌
割,刂
歌,欠
擱,扌
鴿,鸟
謌,欠
革,革
茖,艹
阁,门
格,木
鬲,鬲
葛,艹
隔,阝
塥,土
嗝,口
閣,门
搿,手
膈,月
骼,骨
镉,钅
臈,月
鎘,钅
哿,口
舸,舟
个,丨
各,口
虼,虫
個,丨
硌,石
铬,钅
箇,竹
鉻,钅
给,纟
給,纟
根,木
跟,足
哏,口
艮,艮
亘,二
亙,二
茛,艹
庚,广
畊,耒
耕,耒
赓,贝
賡,贝
羹,羊
郠,阝
埂,土
耿,耳
哽,口
绠,纟
梗,木
鲠,鱼
骾,鱼
鯁,鱼
更,曰
工,工
弓,弓
公,八
功,力
攻,攵
供,亻
肱,月
宫,宀
恭,小
蚣,虫
躬,身
宮,宀
龚,龙
躳,身
觥,角
觵,角
巩,工
汞,水
拱,扌
珙,王
鞏,工
共,八
贡,贝
貢,贝
勾,勹
佝,亻
沟,氵
钩,钅
鈎,钅
缑,纟
鉤,钅
溝,氵
緱,糹
篝,竹
鞲,革
韝,革
苟,艹
岣,山
狗,犭
玽,王
枸,木
笱,竹
构,木
购,贝
诟,讠
垢,土
够,夕
遘,辶
彀,弓
詬,讠
媾,女
觏,见
構,木
覯,见
購,贝
估,亻
咕,口
呱,口
沽,氵
孤,子
姑,女
轱,车
鸪,鸟
菰,艹
菇,艹
蛄,虫
蓇,艹
辜,辛
軲,车
酤,酉
觚,角
箍,竹
鴣,鸟
轂,殳
古,口
谷,谷
汩,氵
诂,讠
股,月
骨,骨
牯,牜
罟,罒
钴,钅
羖,羊
蛊,虫
鹄,鸟
詁,讠
鼓,鼓
毂,殳
鈷,钅
皷,鼓
嘏,口
鹘,鸟
穀,禾
臌,月
瞽,目
鶻,鸟
蠱,虫
固,囗
故,攵
顾,页
梏,木
崮,山
牿,牜
雇,隹
锢,钅
痼,疒
僱,隹
錮,钅
鲴,鱼
鯝,鱼
顧,页
瓜,瓜
苽,艹
刮,刂
胍,月
栝,木
鸹,鸟
鴰,鸟
剐,刂
剮,刂
寡,宀
卦,卜
诖,讠
挂,扌
掛,扌
詿,讠
褂,衤
乖,丿
掴,扌
拐,扌
枴,扌
怪,忄
恠,忄
噲,口
关,丷
观,见
官,宀
冠,冖
倌,亻
棺,木
関,丷
鳏,鱼
關,丷
鰥,鱼
觀,见
莞,艹
馆,饣
琯,王
管,竹
舘,饣
館,饣
贯,贝
掼,扌
涫,氵
惯,忄
貫,贝
祼,礻
摜,扌
慣,忄
盥,皿
鏆,缶
灌,氵
瓘,王
鹳,鸟
罐,缶
鑵,缶
鸛,鸟
光,儿
咣,口
桄,木
胱,月
广,广
犷,犭
廣,广
獷,犭
逛,辶
归,彐
圭,土
龟,龟
妫,女
规,见
皈,白
闺,门
珪,土
規,见
硅,石
媯,女
瑰,王
閨,门
鲑,鱼
槼,见
嬀,女
龜,龟
鮭,鱼
歸,彐
瓌,王
宄,宀
轨,车
庋,广
匦,匚
诡,讠
軌,车
鬼,鬼
癸,癶
匭,匚
晷,日
詭,讠
簋,竹
柜,木
刿,刂
刽,刂
贵,贝
桂,木
桧,木
貴,贝
跪,足
劌,刂
劊,刂
櫃,木
鳜,鱼
鱖,鱼
衮,衣
绲,纟
辊,车
滚,氵
輥,车
磙,石
鲧,鱼
鮌,鱼
鯀,鱼
棍,木
呙,口
埚,土
郭,阝
崞,山
聒,耳
锅,钅
蝈,虫
濄,氵
鍋,钅
蟈,虫
囯,囗
国,囗
國,囗
帼,巾
腘,月
摑,扌
幗,巾
虢,虍
馘,首
果,木
猓,犭
椁,木
槨,木
蜾,虫
裹,衣
过,辶
過,辶
哈,口
铪,钅
鉿,钅
蛤,虫
咳,口
嗨,口
还,辶
孩,子
骸,骨
還,辶
胲,月
海,氵
醢,酉
亥,亠
骇,马
氦,气
害,宀
駭,马
顸,页
蚶,虫
頇,页
酣,酉
憨,心
鼾,鼻
邗,阝
邯,阝
含,口
函,凵
浛,氵
圅,凵
琀,王
晗,日
焓,火
涵,氵
韩,韦
寒,宀
韓,韦
罕,冖
喊,口
蔊,艹
闞,门
汉,氵
汗,氵
旱,日
捍,扌
猂,忄
悍,忄
菡,艹
釬,火
焊,火
傼,亻
颔,页
撖,扌
銲,火
撼,扌
翰,羽
頷,页
澣,氵
憾,忄
瀚,氵
夯,大
杭,木
斻,木
绗,纟
航,舟
颃,页
絎,纟
頏,页
沆,氵
蒿,艹
薅,艹
嚆,口
蚝,虫
毫,毛
嗥,口
貉,豸
獆,口
噑,口
豪,豕
壕,土
嚎,口
濠,氵
蠔,虫
好,女
郝,阝
号,口
昊,日
耗,耒
浩,氵
淏,氵
皓,白
號,口
滈,氵
颢,页
顥,页
灏,氵
灝,氵
诃,讠
呵,口
喝,口
訶,讠
嗬,口
禾,禾
合,口
何,亻
咊,口
和,口
郃,阝
劾,力
河,氵
盇,皿
曷,曰
阂,门
紇,纟
盍,皿
荷,艹
核,木
菏,艹
盒,皿
涸,氵
颌,页
訸,言
阖,门
頜,页
翮,羽
餲,飠
闔,门
佫,亻
贺,贝
賀,贝
赫,赤
褐,衤
鹤,鸟
壑,土
鶴,鸟
黑,黑
嘿,黑
痕,疒
很,彳
狠,犭
恨,忄
亨,亠
哼,口
脝,月
恒,忄
恆,忄
珩,王
桁,木
横,木
衡,行
蘅,艹
轰,车
哄,口
訇,言
烘,火
薨,艹
輷,车
轟,车
弘,弓
红,纟
闳,门
宏,宀
泓,氵
荭,艹
虹,虫
洪,氵
紅,纟
鸿,鸟
葒,艹
閎,门
魟,魚
蕻,艹
黉,黄
鴻,鸟
黌,黄
讧,讠
訌,讠
銾,水
齁,鼻
侯,亻
矦,亻
喉,口
猴,犭
瘊,疒
骺,骨
篌,竹
糇,米
餱,米
吼,口
后,口
郈,阝
厚,厂
逅,辶
候,亻
堠,土
鲎,鱼
鱟,鱼
乎,丿
呼,口
忽,心
轷,车
烀,火
虖,口
唿,口
惚,忄
軤,车
嘑,口
滹,氵
謼,口
囫,囗
狐,犭
弧,弓
胡,月
壶,士
斛,斗
壺,士
葫,艹
猢,犭
湖,氵
瑚,王
煳,火
鹕,鸟
槲,木
蝴,虫
糊,米
醐,酉
觳,角
鵠,鸟
虎,虍
浒,氵
唬,口
許,讠
琥,王
箎,竹
滸,氵
互,二
户,户
冱,冫
护,扌
沍,冫
沪,氵
岵,山
怙,忄
戽,户
祜,礻
笏,竹
瓠,瓜
扈,户
鄠,阝
滬,氵
鳸,鳥
鹱,鸟
護,扌
花,艹
砉,石
哗,口
蘤,艹
华,十
骅,马
華,十
铧,钅
猾,犭
滑,氵
嘩,口
鏵,钅
驊,马
化,匕
夻,大
划,刂
画,田
话,讠
桦,木
畫,田
觟,角
話,讠
樺,木
諙,讠
怀,忄
佪,彳
徊,彳
淮,氵
槐,木
踝,足
懷,忄
坏,土
壞,土
欢,欠
獾,犭
懽,欠
歡,欠
貛,犭
驩,欠
环,王
郇,阝
洹,氵
桓,木
萑,艹
锾,钅
圜,囗
寰,宀
缳,纟
環,王
鍰,钅
繯,纟
鬟,髟
缓,纟
緩,纟
幻,幺
奂,大
奐,大
宦,宀
换,扌
唤,口
涣,氵
浣,氵
患,心
焕,火
逭,辶
痪,疒
豢,豕
漶,氵
鲩,鱼
擐,扌
鯇,鱼
鯶,鱼
肓,月
荒,艹
慌,忄
皇,白
黄,黄
凰,几
隍,阝
黃,黄
遑,辶
徨,彳
湟,氵
惶,忄
煌,火
獚,犭
潢,氵
璜,王
蝗,虫
篁,竹
磺,石
癀,疒
蟥,虫
簧,竹
鳇,鱼
鰉,鱼
鱑,魚
怳,忄
恍,忄
晃,日
晄,日
谎,讠
幌,巾
謊,讠
滉,氵
灰,火
诙,讠
挥,扌
虺,虫
咴,口
恢,忄
珲,王
晖,日
揮,扌
辉,车
隓,土
暉,日
詼,讠
煇,车
輝,车
麾,麻
徽,彳
隳,阝
回,囗
囬,囗
茴,艹
迴,囗
洄,氵
痐,虫
蛕,虫
蛔,虫
蜖,虫
悔,忄
毁,殳
卉,十
汇,氵
会,人
讳,讠
荟,艹
哕,口
浍,氵
诲,讠
绘,纟
恚,心
贿,贝
烩,火
彗,彐
晦,日
秽,禾
惠,心
喙,口
缋,纟
匯,氵
賄,贝
會,人
滙,氵
僡,心
誨,讠
慧,心
蕙,艹
薉,禾
薈,艹
噦,口
諱,讠
澮,氵
檜,木
篲,彐
燴,火
蟪,虫
穢,禾
繢,纟
繪,纟
鏸,釒
昏,日
荤,艹
昬,日
阍,门
婚,女
葷,艹
閽,门
浑,氵
馄,饣
渾,氵
琿,王
魂,鬼
餛,饣
诨,讠
混,氵
溷,氵
諢,讠
耠,耒
锪,钅
劐,刂
鍃,钅
豁,谷
攉,扌
活,氵
火,火
伙,亻
钬,钅
鈥,钅
夥,夕
或,戈
货,贝
获,艹
貨,贝
祸,礻
惑,心
旤,礻
禍,礻
霍,雨
獲,艹
镬,钅
藿,艹
嚯,口
蠖,虫
瀖,氵
鑊,钅
靃,雨
丌,一
讥,讠
击,凵
叽,口
饥,饣
玑,王
圾,土
芨,艹
机,木
乩,乙
肌,月
矶,石
鸡,鸟
咭,口
剞,刂
唧,口
积,禾
笄,竹
飢,飠
屐,尸
姬,女
基,土
赍,贝
犄,牜
嵇,山
缉,纟
畸,田
跻,足
箕,竹
賫,贝
撃,凵
嘰,口
稽,禾
齑,齐
緝,纟
畿,田
璣,王
機,木
墼,土
激,氵
磯,石
羁,罒
雞,鸟
鶏,鸟
譏,讠
韲,齐
饑,饣
躋,足
羈,罒
及,又
吉,口
岌,山
汲,氵
级,纟
极,木
即,卩
佶,亻
亟,二
笈,竹
急,心
姞,女
級,纟
疾,疒
極,木
棘,木
殛,歹
戢,戈
集,隹
蒺,艹
楫,木
辑,车
嵴,山
嫉,女
蕀,艹
蕺,艹
瘠,疒
輯,车
藉,艹
籍,竹
覿,见
几,几
己,己
虮,虫
挤,扌
脊,月
掎,扌
戟,戈
麂,鹿
擠,扌
蟣,虫
计,讠
记,讠
伎,亻
纪,纟
技,扌
芰,艹
忌,心
际,阝
妓,女
季,子
剂,刂
荠,艹
哜,口
計,讠
迹,辶
洎,氵
济,氵
既,旡
紀,纟
觊,见
記,讠
继,纟
偈,亻
祭,示
悸,忄
寄,宀
寂,宀
绩,纟
葪,艹
蓟,艹
跡,辶
際,阝
霁,雨
跽,足
鲚,鱼
暨,日
稷,禾
鲫,鱼
髻,髟
薊,艹
冀,八
劑,刂
襀,衤
覬,见
濟,氵
績,纟
檵,木
蹟,辶
鯽,鱼
骥,马
繼,纟
霽,雨
鱭,鱼
驥,马
加,力
夹,大
佳,亻
迦,辶
珈,王
枷,木
浃,氵
痂,疒
浹,氵
家,宀
笳,竹
袈,衣
葭,艹
跏,足
裌,衤
筴,竹
嘉,口
镓,钅
鎵,钅
夾,衤
郏,阝
荚,艹
郟,阝
恝,心
莢,艹
戛,戈
铗,钅
袷,衤
戞,戈
颊,页
蛱,虫
蛺,虫
鋏,钅
頰,页
甲,田
岬,山
胛,月
叚,亻
贾,贝
钾,钅
假,亻
徦,彳
賈,贝
鉀,钅
瘕,疒
价,亻
驾,马
架,木
嫁,女
稼,禾
價,亻
駕,马
駱,马
戋,戈
幵,干
尖,小
奸,女
歼,歹
坚,土
间,门
戔,戈
肩,月
艰,艮
姦,女
监,皿
兼,丷
菅,艹
堅,土
笺,竹
犍,牜
牋,竹
湔,氵
缄,纟
搛,扌
蒹,艹
椾,竹
煎,灬
缣,纟
監,皿
箋,竹
鲣,鱼
鹣,鸟
篯,竹
縑,纟
艱,艮
鞯,革
瀐,氵
殲,歹
鰹,鱼
韉,革
囝,囗
拣,扌
枧,木
茧,艹
柬,木
俭,亻
捡,扌
笕,竹
梘,木
检,木
趼,足
减,冫
剪,刀
揀,扌
硷,石
睑,目
锏,钅
裥,衤
筧,竹
简,竹
谫,讠
絸,艹
戬,戈
碱,石
戩,戈
儉,亻
翦,羽
撿,木
蹇,足
謇,言
襇,衤
繭,艹
瞼,目
簡,竹
蠒,艹
鹹,石
鐗,钅
騫,马
见,见
件,亻
見,见
饯,饣
建,廴
荐,艹
贱,贝
牮,牛
剑,刂
健,亻
舰,舟
涧,氵
渐,氵
谏,讠
楗,木
践,足
毽,毛
腱,月
溅,氵
鉴,金
键,钅
僭,亻
漸,氵
賤,贝
踐,足
踺,足
箭,竹
劍,刂
澗,氵
鍵,钅
劒,刂
餞,饣
諫,讠
鍳,金
濺,氵
艦,舟
鐧,钅
鑒,金
鑑,金
江,氵
茳,艹
将,寸
姜,女
豇,豆
浆,水
將,寸
僵,亻
漿,米
彊,弓
缰,纟
橿,木
殭,亻
鳉,鱼
礓,石
疆,田
繮,纟
韁,纟
讲,讠
奖,大
桨,木
蒋,艹
奨,大
蔣,艹
奬,大
槳,木
獎,大
耩,耒
講,讠
匠,匚
降,阝
洚,氵
绛,纟
絳,纟
畺,田
酱,酉
犟,牛
糡,米
糨,米
醬,酉
艽,艹
交,亠
郊,阝
茭,艹
浇,氵
娇,女
姣,女
骄,马
胶,月
椒,木
蛟,虫
焦,灬
跤,足
僬,亻
鲛,鱼
蕉,艹
膠,月
澆,氵
嬌,女
礁,石
鹪,鸟
鮫,鱼
鐎,釒
驕,马
鷦,鸟
角,角
侥,亻
佼,亻
挢,扌
狡,犭
饺,饣
绞,纟
铰,钅
矫,矢
皎,白
脚,月
搅,扌
湫,氵
絞,纟
敫,攵
剿,刂
勦,刂
僥,亻
鉸,钅
餃,饣
撟,扌
撹,扌
儌,亻
徼,彳
缴,纟
矯,矢
繳,纟
叫,口
峤,山
轿,车
较,车
窌,穴
教,攵
窖,穴
較,车
酵,酉
噍,口
轎,车
醮,酉
阶,阝
疖,疒
皆,白
接,扌
秸,禾
階,阝
堦,阝
揭,扌
喈,口
嗟,口
街,行
稭,禾
嚌,口
癤,疒
孑,子
节,艹
讦,讠
劫,力
刼,力
杰,木
诘,讠
拮,扌
洁,氵
结,纟
桀,木
訐,讠
捷,扌
婕,女
絜,氵
颉,页
傑,木
結,纟
睫,目
蜐,虫
節,艹
詰,讠
截,戈
碣,石
鲒,鱼
竭,立
羯,羊
潔,氵
鮚,鱼
巀,戈
姐,女
解,角
檞,木
介,人
戒,戈
芥,艹
届,尸
界,田
疥,疒
诫,讠
蚧,虫
借,亻
骱,骨
誡,讠
巾,巾
斤,斤
今,人
金,金
津,氵
衿,衤
矜,矛
筋,竹
璡,王
襟,衤
仅,亻
尽,尸
卺,厄
紧,糸
堇,土
锦,钅
僅,亻
谨,讠
蓳,艹
緊,糸
馑,饣
廑,广
瑾,王
槿,木
儘,尸
錦,钅
謹,讠
饉,饣
进,辶
近,辶
妗,女
劲,力
荩,艹
勁,力
晋,日
晉,日
赆,贝
烬,火
浸,氵
琎,王
進,辶
靳,革
禁,示
缙,纟
觐,见
噤,口
縉,纟
藎,艹
覲,见
燼,火
贐,贝
茎,艹
京,亠
泾,氵
经,纟
荆,艹
秔,米
莖,艹
涇,氵
菁,艹
旌,方
惊,忄
晶,日
稉,米
腈,月
睛,目
粳,米
經,纟
兢,儿
精,米
鲸,鱼
鯨,鱼
驚,忄
井,二
阱,阝
宑,阝
刭,刂
肼,月
剄,刂
颈,页
景,日
儆,亻
憬,忄
頸,页
警,言
径,彳
净,冫
弪,弓
迳,辶
俓,亻
胫,月
陘,阝
逕,彳
徑,彳
痉,疒
凈,冫
竞,立
弳,弓
脛,月
竟,立
婧,女
靓,青
敬,攵
痙,疒
靖,青
静,青
境,土
踁,月
獍,犭
镜,钅
鏡,钅
競,立
扃,户
炅,火
迥,辶
逈,辶
炯,火
烱,火
窘,穴
纠,纟
鸠,鸟
究,穴
糺,纟
糾,纟
赳,走
阄,门
揪,扌
啾,口
揫,扌
鳩,鸟
摎,扌
樛,木
鬏,髟
鬮,门
九,丿
久,丿
玖,王
灸,火
韭,韭
酒,酉
韮,韭
旧,日
臼,臼
咎,口
疚,疒
柩,木
桕,木
救,攵
厩,厂
就,尢
廄,厂
舅,臼
僦,亻
廏,厂
舊,日
鹫,鸟
鷲,鸟
拘,扌
苴,艹
狙,犭
居,尸
驹,马
俥,亻
捄,攵
疽,疒
掬,扌
琚,王
趄,走
椐,木
锔,钅
雎,隹
裾,衤
駒,马
鞠,革
鞫,革
局,尸
桔,木
菊,艹
鋦,钅
橘,木
咀,口
沮,氵
莒,艹
矩,矢
举,丶
椇,木
蒟,艹
榉,木
龃,齿
榘,木
踽,足
舉,丶
擧,丶
櫸,木
齟,齿
巨,工
句,口
讵,讠
拒,扌
苣,艹
姖,女
具,八
炬,火
钜,钅
俱,亻
倨,亻
剧,刂
据,扌
距,足
詎,讠
惧,忄
犋,牜
鉅,釒
飓,风
锯,钅
聚,耳
窭,穴
劇,刂
踞,足
屦,尸
據,扌
遽,辶
鋸,钅
窶,穴
颶,风
屨,尸
醵,酉
懼,忄
捐,扌
涓,氵
娟,女
鹃,鸟
镌,钅
鵑,鸟
鎸,钅
鐫,钅
蠲,虫
卷,厄
锩,钅
錈,钅
隽,隹
倦,亻
狷,犭
桊,木
勌,亻
绢,纟
鄄,阝
眷,目
睠,目
絹,纟
獧,犭
撅,扌
噘,口
孓,子
决,冫
诀,讠
抉,扌
妜,女
玨,王
玦,王
珏,王
觉,见
绝,纟
倔,亻
掘,扌
桷,木
崛,山
觖,角
訣,讠
厥,厂
絶,纟
劂,刂
谲,讠
蕨,艹
獗,犭
橛,木
橜,木
镢,钅
爵,爫
蹷,足
蹶,足
譎,讠
矍,目
嚼,口
覺,见
鐝,钅
鐍,釒
爝,火
攫,扌
军,冖
均,土
君,口
钧,钅
軍,冖
莙,艹
菌,艹
皲,皮
鈞,钅
皸,皮
麇,鹿
麕,鹿
俊,亻
郡,阝
捃,扌
峻,山
浚,氵
骏,马
珺,王
葰,艹
竣,立
儁,亻
駿,马
鵕,鳥
咔,口
咖,口
喀,口
卡,卜
佧,亻
胩,月
开,廾
揩,扌
開,廾
锎,钅
鐦,钅
剀,刂
凯,几
垲,土
恺,忄
铠,钅
蒈,艹
剴,刂
凱,几
慨,忄
塏,土
楷,木
愷,忄
锴,钅
鍇,钅
鎧,钅
忾,忄
愾,忄
刊,刂
勘,力
龛,龙
堪,土
戡,戈
龕,龙
坎,土
侃,亻
砍,石
莰,艹
槛,木
檻,木
看,目
阚,门
瞰,目
闶,门
粇,米
康,广
慷,忄
穅,米
糠,米
鱇,魚
扛,扌
摃,扌
亢,亠
伉,亻
邟,阝
抗,扌
囥,囗
忼,忄
炕,火
钪,钅
閌,门
鈧,钅
尻,尸
考,耂
拷,扌
栲,木
烤,火
铐,钅
犒,牜
銬,钅
靠,非
苛,艹
珂,王
柯,木
轲,车
科,禾
钶,钅
疴,疒
蚵,虫
棵,木
軻,车
颏,页
嗑,口
稞,禾
鈳,钅
窠,穴
榼,木
颗,页
磕,石
瞌,目
蝌,虫
頦,页
顆,页
髁,骨
壳,士
殻,士
可,口
坷,土
岢,山
渴,氵
克,十
刻,刂
剋,十
恪,忄
客,宀
尅,十
课,讠
氪,气
骒,马
缂,纟
锞,钅
溘,氵
愙,忄
課,讠
緙,纟
錁,钅
騍,马
肎,月
肯,月
垦,土
恳,心
啃,口
墾,土
懇,心
裉,衤
褃,衤
坑,土
吭,口
铿,钅
鏗,钅
空,穴
倥,亻
崆,山
箜,竹
孔,子
恐,心
控,扌
抠,扌
芤,艹
眍,目
摳,扌
瞘,目
口,口
叩,口
扣,扌
敂,口
寇,宀
筘,竹
窛,竹
蔻,艹
刳,刂
枯,木
哭,口
堀,土
窟,穴
骷,骨
苦,艹
库,广
绔,纟
庫,广
喾,口
裤,衤
絝,纟
酷,酉
褲,衤
嚳,口
夸,大
侉,亻
垮,土
咵,亻
挎,扌
胯,月
跨,足
蒯,艹
块,土
快,忄
侩,亻
郐,阝
哙,口
狯,犭
脍,月
塊,土
筷,竹
儈,亻
鄶,阝
獪,犭
膾,月
鱠,月
宽,宀
寬,宀
髋,骨
髖,骨
梡,木
欵,欠
款,欠
匡,匚
诓,讠
哐,口
筐,竹
誆,讠
狂,犭
诳,讠
誑,讠
夼,大
邝,阝
圹,土
纩,纟
旷,日
况,冫
矿,石
況,冫
贶,贝
框,木
眶,目
貺,贝
鄺,阝
壙,土
曠,日
礦,石
穬,禾
纊,纟
鑛,石
亏,二
岿,山
悝,忄
盔,皿
窥,穴
窺,穴
虧,二
闚,穴
奎,大
逵,辶
馗,首
揆,扌
葵,艹
喹,口
暌,日
魁,鬼
睽,目
蝰,虫
藈,艹
夔,夂
傀,亻
跬,足
匮,匚
蒉,艹
喟,口
馈,饣
溃,氵
愦,忄
愧,忄
匱,匚
聩,耳
蕢,艹
篑,竹
潰,氵
憒,忄
餽,饣
聵,耳
簣,竹
饋,饣
巋,山
坤,土
昆,日
堃,土
琨,王
髠,髟
焜,火
髡,髟
锟,钅
髨,髟
醌,酉
錕,钅
鲲,鱼
鯤,鱼
捆,扌
阃,门
悃,忄
壸,士
梱,木
壼,士
綑,扌
閫,门
困,囗
扩,扌
括,扌
蛞,虫
阔,门
廓,广
擴,扌
闊,门
濶,门
垃,土
拉,扌
翋,羽
磖,石
邋,辶
旯,日
剌,刂
砬,石
喇,口
腊,月
辢,辛
蜡,虫
瘌,疒
辣,辛
蝲,虫
臘,月
蠟,虫
啦,口
来,木
來,木
莱,艹
崃,山
徕,彳
涞,氵
萊,艹
梾,木
崍,山
徠,彳
淶,氵
棶,木
铼,钅
錸,钅
赉,贝
睐,目
赖,贝
睞,目
賚,贝
頼,贝
賴,贝
濑,氵
癞,疒
籁,竹
瀨,氵
癩,疒
籟,竹
兰,丷
岚,山
拦,扌
栏,木
婪,女
嵐,山
阑,门
蓝,艹
谰,讠
澜,氵
褴,衤
篮,竹
斓,文
藍,艹
闌,门
镧,钅
襤,衤
攔,扌
蘭,丷
籃,竹
瀾,氵
欄,木
斕,文
讕,讠
鑭,钅
览,见
揽,扌
缆,纟
榄,木
罱,罒
漤,氵
懒,忄
擥,扌
懶,忄
嬾,忄
覽,见
孏,火
攬,扌
欖,木
纜,纟
烂,火
滥,氵
濫,氵
爛,火
啷,口
郎,阝
狼,犭
阆,门
琅,王
蓈,艹
廊,广
瑯,王
榔,木
锒,钅
稂,禾
螂,虫
閬,门
鋃,钅
朗,月
莨,艹
崀,山
浪,氵
蒗,艹
捞,扌
撈,扌
劳,力
牢,牛
唠,口
崂,山
铹,钅
痨,疒
勞,力
嘮,口
嶗,山
癆,疒
醪,酉
鐒,钅
老,老
佬,亻
姥,女
栳,木
铑,钅
銠,钅
烙,火
涝,氵
耢,耒
酪,酉
嫪,女
澇,氵
耮,耒
仂,亻
艻,艹
叻,口
乐,丿
玏,王
泐,氵
竻,竹
簕,竹
鳓,鱼
了,乙
勒,力
雷,雨
嫘,女
缧,纟
擂,扌
檑,木
縲,纟
镭,钅
羸,羊
礧,扌
鐳,钅
靁,雨
纝,纟
鼺,鼠
耒,耒
诔,讠
垒,土
傫,亻
誄,讠
磊,石
蕾,艹
儡,亻
藟,艹
壘,土
纍,糸
蘽,艹
儽,亻
肋,月
泪,氵
类,米
涙,氵
累,糸
酹,酉
類,米
嘞,口
塄,土
棱,木
楞,木
冷,冫
愣,忄
哩,口
厘,厂
狸,犭
离,忄
骊,马
琍,王
梨,木
犁,牛
鹂,鸟
喱,口
棃,木
犂,牛
蓠,艹
蜊,虫
漓,氵
缡,纟
璃,王
嫠,女
犛,牜
黎,黍
鲡,鱼
罹,罒
篱,竹
縭,纟
釐,裏
藜,艹
離,忄
黧,黑
蘺,艹
灕,氵
蠡,虫
籬,竹
驪,马
鸝,鸟
鱺,鱼
礼,礻
李,木
里,里
俚,亻
逦,辶
娌,女
理,王
锂,钅
裡,里
裏,里
鋰,钅
鲤,鱼
澧,氵
禮,礻
鯉,鱼
醴,酉
鳢,鱼
邐,辶
鱧,鱼
力,力
历,厂
厉,厂
立,立
吏,口
坜,土
苈,艹
丽,丶
励,力
呖,口
利,刂
沥,氵
苙,艹
枥,木
例,亻
疠,疒
戾,户
隶,隶
荔,艹
栎,木
郦,阝
轹,车
俪,亻
俐,亻
疬,疒
珕,王
莉,艹
莅,艹
栗,木
砺,石
砾,石
猁,犭
涖,艹
蛎,虫
唳,口
笠,竹
脷,月
粝,米
粒,米
雳,雨
跞,足
詈,言
傈,亻
痢,疒
蒞,艹
溧,氵
厲,厂
歴,厂
綟,糹
隷,隶
勵,力
歷,厂
篥,竹
隸,隶
癘,疒
壢,土
藶,艹
櫟,木
麗,丶
礪,石
嚦,口
瀝,氵
櫪,木
礫,石
蠣,虫
糲,米
酈,阝
儷,亻
癧,疒
轢,车
瓈,王
俩,亻
奁,大
连,辶
怜,忄
帘,巾
莲,艹
連,辶
涟,氵
联,耳
裢,衤
蓮,艹
廉,广
亷,广
漣,氵
匲,大
奩,大
匳,大
鲢,鱼
憐,忄
褳,衤
濂,氵
聯,耳
臁,月
镰,钅
鎌,钅
蠊,虫
簾,巾
鐮,钅
鰱,鱼
琏,王
敛,攵
脸,月
裣,衤
璉,王
蔹,艹
斂,攵
歛,攵
臉,月
襝,衤
蘞,艹
练,纟
炼,火
恋,心
殓,歹
链,钅
楝,木
煉,火
潋,氵
練,纟
殮,歹
鍊,火
鏈,钅
瀲,氵
戀,心
良,艮
凉,冫
涼,氵
梁,木
椋,木
蜋,虫
粮,米
粱,米
墚,土
樑,木
糧,米
两,一
兩,一
倆,亻
魉,鬼
魎,鬼
亮,亠
谅,讠
辆,车
量,里
晾,日
踉,足
靚,青
輛,车
諒,讠
撩,扌
辽,辶
疗,疒
聊,耳
僚,亻
寥,宀
遼,辶
嘹,口
獠,犭
潦,氵
寮,宀
缭,纟
燎,火
鹩,鸟
療,疒
蟟,虫
簝,竹
繚,纟
髎,骨
鷯,鸟
钌,钅
釕,钅
蓼,艹
尥,尢
料,斗
撂,扌
廖,广
镣,钅
鐐,钅
咧,口
列,刂
劣,力
冽,冫
洌,氵
埒,土
烈,灬
捩,扌
猎,犭
裂,衣
趔,走
獵,犭
躐,足
鬣,髟
拎,扌
邻,阝
林,木
临,丨
啉,口
淋,氵
惏,女
琳,王
粦,石
鄰,阝
粼,米
隣,阝
嶙,山
遴,辶
霖,雨
辚,车
燐,石
臨,丨
磷,石
瞵,目
麐,鹿
轔,车
鏻,釒
鳞,鱼
驎,馬
鱗,鱼
麟,鹿
凛,冫
廪,广
懔,忄
檩,木
吝,口
恡,口
赁,贝
賃,贝
蔺,艹
膦,月
藺,艹
躏,足
躪,足
伶,亻
灵,火
苓,艹
囹,囗
泠,氵
玲,王
柃,木
瓴,瓦
铃,钅
凌,冫
陵,阝
琌,王
聆,耳
菱,艹
棂,木
蛉,虫
翎,羽
羚,羊
淩,氵
绫,纟
蓤,艹
零,雨
龄,齿
鈴,钅
綾,纟
鲮,鱼
魿,魚
酃,阝
鯪,鱼
齡,齿
醽,酉
靈,火
岭,山
领,页
領,页
嶺,山
另,口
令,人
呤,口
溜,氵
熘,火
刘,刂
浏,氵
留,田
流,氵
琉,王
畱,田
硫,石
馏,饣
旒,方
骝,马
瑠,王
榴,木
镏,钅
劉,刂
瘤,疒
璢,王
癅,疒
鎦,钅
餾,饣
瀏,氵
鎏,金
騮,马
柳,木
栁,木
桺,木
绺,纟
锍,钅
綹,纟
鋶,钅
六,八
遛,辶
鹨,鸟
霤,雨
鷚,鸟
龙,龙
茏,艹
咙,口
泷,氵
珑,王
栊,木
胧,月
砻,石
聋,耳
笼,竹
隆,阝
癃,疒
龍,龙
窿,穴
蘢,艹
嚨,口
瀧,氵
瓏,王
櫳,木
朧,月
礱,石
籠,竹
聾,耳
陇,阝
垅,土
拢,扌
垄,土
隴,阝
壠,土
攏,扌
壟,土
娄,女
婁,女
偻,亻
蒌,艹
喽,口
楼,木
僂,亻
蔞,艹
嘍,口
耧,耒
樓,木
蝼,虫
耬,耒
螻,虫
髅,骨
髏,骨
搂,扌
嵝,山
摟,扌
嶁,山
篓,竹
簍,竹
陋,阝
镂,钅
瘘,疒
漏,氵
瘻,疒
瘺,疒
鏤,钅
撸,扌
噜,口
擼,扌
嚕,口
卢,卜
芦,艹
庐,广
垆,土
炉,火
泸,氵
栌,木
轳,车
胪,月
鸬,鸟
颅,页
舻,舟
鲈,鱼
盧,卜
壚,土
蘆,艹
廬,广
瀘,氵
瓐,王
櫨,木
臚,月
爐,火
艫,舟
轤,车
鑪,火
顱,页
鸕,鸟
鱸,鱼
卤,卜
虏,虍
掳,扌
鹵,卜
硵,石
鲁,鱼
虜,虍
滷,卜
魯,鱼
擄,扌
橹,木
镥,钅
櫓,木
艣,木
艪,木
鑥,钅
甪,用
陆,阝
坴,土
侓,亻
录,王
辂,车
赂,贝
陸,阝
鹿,鹿
渌,氵
逯,辶
琭,王
禄,礻
輅,车
碌,石
賂,贝
路,足
剹,戈
漉,氵
醁,酉
辘,车
戮,戈
蕗,艹
録,王
潞,氵
璐,王
簏,竹
轆,车
鹭,鸟
麓,鹿
露,雨
鏴,釒
鷺,鸟
氇,毛
氌,毛
峦,山
孪,子
娈,女
栾,木
挛,手
鸾,鸟
脔,肉
滦,氵
銮,金
巒,山
孿,子
孌,心
欒,木
攣,手
臠,肉
圞,囗
灤,氵
鑾,金
鸞,鸟
卵,卩
乱,乙
亂,乙
剠,黑
抡,扌
掄,扌
仑,人
伦,亻
囵,囗
沦,氵
纶,纟
轮,车
侖,人
倫,亻
崘,人
崙,人
圇,囗
淪,氵
綸,纟
輪,车
论,讠
論,讠
啰,口
罗,罒
萝,艹
逻,辶
脶,月
猡,犭
椤,木
腡,月
锣,钅
箩,竹
骡,马
镙,钅
螺,虫
羅,罒
騾,马
蘿,艹
邏,辶
玀,犭
欏,木
驘,马
籮,竹
鑼,钅
倮,亻
裸,衤
躶,衤
瘰,疒
蠃,虫
臝,衤
泺,氵
荦,艹
洛,氵
络,纟
骆,马
珞,王
落,艹
摞,扌
雒,隹
犖,艹
漯,氵
濼,氵
驴,马
闾,门
榈,木
閭,门
驢,马
吕,口
侣,亻
捋,扌
旅,方
铝,钅
缕,纟
膂,月
履,尸
穞,禾
縷,纟
律,彳
虑,虍
率,玄
绿,纟
葎,艹
氯,气
滤,氵
緑,纟
慮,虍
掠,扌
略,田
畧,田
锊,钅
鋝,钅
妈,女
媽,女
麻,麻
嗎,口
蔴,艹
蟇,虫
蟆,虫
马,马
犸,犭
玛,王
码,石
蚂,虫
傌,亻
獁,犭
瑪,王
碼,石
螞,虫
杩,木
祃,礻
骂,马
榪,木
禡,礻
罵,马
駡,马
鬕,髟
吗,口
嘛,口
埋,土
霾,雨
买,乙
荬,艹
買,乙
蕒,艹
劢,力
迈,辶
麦,麦
卖,十
脉,月
唛,口
勱,力
嘜,口
賣,十
邁,辶
霡,雨
颟,页
顢,页
悗,忄
蛮,虫
馒,饣
樠,木
瞒,目
鞔,革
瞞,目
饅,饣
鳗,鱼
鰻,鱼
蠻,虫
满,氵
滿,氵
螨,虫
蟎,虫
曼,曰
鄤,阝
谩,讠
墁,土
蔄,艹
蔓,艹
幔,巾
漫,氵
慢,忄
缦,纟
熳,火
镘,钅
縵,纟
謾,讠
鏝,钅
邙,阝
芒,艹
忙,忄
杧,木
尨,尢
盲,目
氓,氏
茫,艹
硭,石
牻,牜
莽,艹
漭,氵
蟒,虫
猫,犭
貓,犭
毛,毛
矛,矛
茆,艹
茅,艹
牦,牜
旄,方
锚,钅
髦,髟
氂,牜
蝥,虫
錨,钅
蟊,虫
卯,卩
夘,卩
峁,山
泖,氵
昴,日
铆,钅
鉚,钅
皃,豸
茂,艹
冒,冂
贸,贝
耄,耂
袤,衣
鄚,阝
帽,巾
貿,贝
瑁,王
貌,豸
瞀,目
懋,心
么,丿
没,氵
玫,王
枚,木
眉,目
莓,艹
梅,木
嵋,山
猸,犭
湄,氵
媒,女
楳,木
楣,木
煤,火
酶,酉
槑,木
镅,钅
鹛,鸟
霉,雨
鎇,钅
蘪,米
鶥,鸟
每,母
美,羊
浼,氵
渼,氵
镁,钅
鎂,钅
妹,女
昧,日
鬽,鬼
寐,宀
媚,女
魅,鬼
门,门
扪,扌
門,门
钔,钅
捫,扌
鍆,钅
闷,门
焖,火
悶,门
燜,火
懑,心
懣,心
们,亻
們,亻
虻,虫
萌,艹
蒙,艹
盟,皿
甍,瓦
瞢,目
蝱,虫
檬,木
朦,月
礞,石
矇,目
艨,舟
勐,力
猛,犭
锰,钅
蜢,虫
艋,舟
錳,钅
獴,犭
懵,忄
蠓,虫
孟,子
梦,木
夢,木
咪,口
眯,目
弥,弓
迷,辶
祢,礻
猕,犭
谜,讠
蒾,艹
醚,酉
謎,讠
糜,米
縻,糸
麋,鹿
彌,弓
禰,礻
靡,非
獼,犭
蘼,艹
米,米
芈,卝
洣,氵
弭,弓
脒,月
敉,攵
瞇,目
糸,糸
汨,氵
觅,见
泌,氵
宓,宀
秘,禾
覔,见
覓,见
密,宀
幂,巾
谧,讠
蔤,艹
嘧,口
蜜,虫
謐,讠
芇,艹
眠,目
绵,纟
棉,木
綿,纟
緜,纟
檰,木
免,刀
沔,氵
黾,黾
眄,目
勉,力
娩,女
冕,冂
渑,氵
湎,氵
缅,纟
腼,月
緬,纟
靣,面
面,面
喵,口
苗,艹
描,扌
鹋,鸟
瞄,目
鶓,鸟
杪,木
眇,目
秒,禾
淼,水
渺,氵
缈,纟
緲,纟
藐,艹
邈,辶
妙,女
庙,广
玅,女
廟,广
繆,纟
乜,乙
咩,口
哶,口
灭,火
滅,火
蔑,艹
篾,竹
蠛,虫
民,氏
苠,艹
旻,日
岷,山
珉,王
缗,纟
緡,纟
皿,皿
闵,门
抿,扌
泯,氵
闽,门
悯,忄
敏,攵
閔,门
湣,氵
黽,黾
愍,心
閩,门
憫,忄
鳘,鱼
鰵,鱼
名,口
明,日
鸣,鸟
茗,艹
冥,冖
铭,钅
鄍,阝
蓂,艹
溟,氵
榠,木
暝,日
鳴,鸟
銘,钅
瞑,目
螟,虫
酩,酉
命,口
谬,讠
謬,讠
摸,扌
谟,讠
馍,饣
嫫,女
摹,手
模,木
膜,月
麽,麻
摩,手
磨,石
謨,讠
嬷,女
饃,饣
蘑,艹
魔,鬼
饝,饣
抹,扌
末,木
茉,艹
殁,歹
冐,冂
沫,氵
陌,阝
莫,艹
秣,禾
蓦,艹
貊,豸
漠,氵
寞,宀
墨,土
镆,钅
瘼,疒
默,黑
貘,豸
藦,艹
鏌,钅
驀,艹
耱,耒
哞,口
牟,牛
侔,亻
眸,目
谋,讠
蛑,虫
缪,纟
謀,讠
鍪,金
某,木
毪,毛
母,母
牡,牜
亩,亠
坶,土
拇,扌
姆,女
畝,亠
畮,亠
鉧,釒
木,木
目,目
仫,亻
沐,氵
苜,艹
牧,牜
钼,钅
募,力
墓,土
幕,巾
睦,目
幙,巾
鉬,钅
慕,小
暮,日
穆,禾
拿,手
镎,钅
鎿,钅
哪,口
那,阝
呐,口
纳,纟
肭,月
钠,钅
衲,衤
娜,女
納,纟
捺,扌
鈉,钅
乃,丿
艿,艹
奶,女
氖,气
廼,丿
迺,丿
嬭,女
奈,大
柰,木
耐,而
耏,而
萘,艹
鼐,鼎
囡,囗
男,田
枏,木
南,十
侽,亻
难,隹
遖,辶
喃,口
楠,木
難,隹
赧,赤
揇,扌
湳,氵
腩,月
蝻,虫
婻,女
囔,口
嚢,口
囊,口
馕,饣
饢,饣
曩,日
攮,扌
孬,子
呶,口
挠,扌
硇,石
蛲,虫
猱,犭
撓,扌
獿,犭
垴,土
恼,忄
脑,月
匘,月
堖,土
瑙,王
腦,月
闹,门
淖,氵
閙,门
鬧,门
臑,月
讷,讠
訥,讠
呢,口
馁,饣
餒,饣
内,冂
恁,心
嫩,女
能,月
妮,女
尼,尸
坭,土
泥,氵
怩,忄
铌,钅
倪,亻
猊,犭
鈮,钅
霓,雨
鲵,鱼
鯢,鱼
拟,扌
你,亻
苨,艹
妳,亻
旎,方
伲,亻
昵,日
逆,辶
匿,匚
睨,目
腻,月
溺,氵
暱,日
膩,月
懝,扌
拈,扌
蔫,艹
年,干
鲇,鱼
鲶,鱼
鮎,鱼
黏,黍
鯰,鱼
捻,扌
辇,车
輦,车
撵,扌
碾,石
攆,扌
廿,廾
念,心
埝,土
娘,女
酿,酉
釀,酉
鸟,鸟
茑,艹
袅,衣
鳥,鸟
裊,衣
嫋,衣
蔦,艹
嬲,女
尿,尸
脲,月
捏,扌
揑,扌
陧,阝
聂,耳
臬,自
涅,氵
菍,艹
啮,口
嗫,口
噛,口
镊,钅
镍,钅
颞,页
篞,氵
蹑,足
聶,耳
嚙,口
鎳,钅
孽,子
孼,子
蘖,艹
櫱,艹
囁,口
糵,米
躡,足
鑷,钅
顳,页
您,心
宁,宀
拧,扌
苧,艹
咛,口
狞,犭
柠,木
聍,耳
甯,用
寍,宀
寧,宀
凝,冫
薴,艹
嚀,口
獰,犭
檸,木
聹,冫
擰,扌
佞,亻
泞,氵
濘,氵
妞,女
牛,牛
扭,扌
狃,犭
忸,忄
纽,纟
钮,钅
紐,纟
鈕,钅
农,冖
侬,亻
哝,口
浓,氵
脓,月
農,冖
辳,冖
儂,亻
噥,口
濃,氵
憹,忄
膿,月
弄,廾
槈,耒
耨,耒
鎒,耒
奴,女
孥,子
驽,马
駑,马
努,力
弩,弓
胬,肉
怒,心
暖,日
煗,日
餪,日
疟,疒
虐,虍
瘧,疒
挪,扌
傩,亻
儺,亻
诺,讠
喏,口
搦,扌
锘,钅
稬,米
諾,讠
鍩,钅
懦,忄
穤,米
糯,米
女,女
钕,钅
釹,钅
衂,血
恧,心
衄,血
噢,口
哦,口
讴,讠
沤,氵
瓯,瓦
欧,欠
殴,殳
鸥,鸟
漚,氵
甌,瓦
毆,殳
謳,讠
鷗,鸟
呕,口
偶,亻
嘔,口
耦,耒
藕,艹
怄,忄
慪,忄
妑,女
趴,足
啪,口
葩,艹
杷,木
爬,爪
琶,王
鈀,钅
筢,竹
帕,巾
怕,忄
拍,扌
俳,亻
排,扌
徘,彳
棑,木
牌,片
箄,竹
哌,口
派,氵
蒎,艹
湃,氵
眅,目
潘,氵
攀,手
爿,爿
盘,皿
磐,石
盤,皿
蹒,足
蹣,足
蟠,虫
判,刂
泮,氵
盼,目
叛,又
畔,田
袢,衤
襻,衤
乓,丿
滂,氵
彷,彳
庞,广
逄,辶
旁,方
螃,虫
鳑,鱼
髈,月
龐,广
鰟,魚
耪,耒
胖,月
抛,扌
脬,月
刨,刂
咆,口
狍,犭
庖,广
袍,衤
匏,勹
跑,足
泡,氵
炮,火
疱,疒
皰,疒
呸,口
肧,月
胚,月
醅,酉
陪,阝
培,土
赔,贝
锫,钅
裴,衣
賠,贝
錇,钅
沛,氵
帔,巾
佩,亻
珮,王
配,酉
旆,方
辔,车
霈,雨
轡,车
喷,口
噴,口
盆,皿
湓,氵
抨,扌
怦,忄
砰,石
烹,灬
嘭,口
芃,艹
朋,月
倗,亻
堋,土
彭,彡
棚,木
蓬,艹
硼,石
鹏,鸟
澎,氵
篷,竹
膨,月
蟛,虫
鵬,鸟
捧,扌
剻,刂
碰,石
丕,一
批,扌
邳,阝
伾,亻
坯,土
披,扌
砒,石
秛,禾
劈,刀
霹,雨
皮,皮
枇,木
毗,比
蚍,虫
铍,钅
郫,阝
疲,疒
陴,阝
埤,土
啤,口
琵,王
脾,月
鈹,钅
蜱,虫
罴,罒
貔,豸
羆,罒
鼙,鼓
匹,匚
庀,广
圮,土
仳,亻
痞,疒
癖,疒
屁,尸
睥,目
辟,辛
媲,女
僻,亻
澼,氵
譬,言
偏,亻
犏,牜
篇,竹
翩,羽
骈,马
胼,月
駢,马
蹁,足
谝,讠
諞,讠
片,片
骗,马
騙,马
剽,刂
缥,纟
飘,风
螵,虫
縹,纟
飄,风
飃,风
嫖,女
瓢,瓜
闝,女
殍,歹
瞟,目
票,示
勡,刂
嘌,口
漂,氵
氕,气
撇,扌
瞥,目
苤,艹
拚,扌
拼,扌
姘,女
贫,贝
貧,贝
频,页
嫔,女
頻,页
嬪,女
蠙,虫
颦,页
顰,页
品,口
榀,木
牝,牜
聘,耳
乒,丿
俜,亻
娉,女
平,干
评,讠
坪,土
苹,艹
凭,几
郱,阝
玶,王
枰,木
洴,氵
屏,尸
瓶,瓦
萍,艹
缾,瓦
評,讠
鲆,鱼
凴,几
鮃,鱼
憑,几
蘋,艹
攴,攵
钋,钅
坡,土
泊,氵
泼,氵
釙,钅
颇,页
潑,氵
婆,女
蔢,艹
鄱,阝
皤,白
叵,口
钷,钅
笸,竹
鉕,钅
迫,辶
珀,王
破,石
粕,米
魄,鬼
頗,页
剖,刂
掊,扌
裒,衣
仆,亻
扑,扌
撲,扌
噗,口
鋪,钅
鯆,魚
匍,勹
莆,艹
菩,艹
脯,月
葡,艹
蒲,艹
僕,亻
璞,王
镤,钅
濮,氵
鏷,钅
朴,木
埔,土
圃,囗
浦,氵
普,日
溥,氵
谱,讠
氆,毛
镨,钅
蹼,足
譜,讠
鐠,钅
铺,钅
舖,钅
瀑,氵
曝,日
七,一
沏,氵
妻,女
柒,木
栖,木
桤,木
凄,冫
萋,艹
戚,戈
淒,冫
期,月
欺,欠
棲,木
傶,亻
榿,木
嘁,口
漆,氵
蹊,足
亓,二
齐,齐
祁,礻
圻,土
芪,艹
岐,山
其,八
奇,大
歧,止
祈,礻
祇,礻
亝,文
俟,亻
耆,耂
颀,页
脐,月
萁,艹
畦,田
崎,山
淇,氵
骐,马
骑,马
琪,王
琦,王
棋,木
蛴,虫
祺,礻
碁,石
鬾,鬼
頎,页
綦,糸
蜞,虫
齊,齐
旗,方
綥,糸
璂,王
蕲,艹
藄,艹
騏,马
騎,马
臍,月
鳍,鱼
蘄,艹
麒,鹿
鬐,髟
蠐,虫
鰭,鱼
乞,乙
芑,艹
屺,山
岂,山
企,人
杞,木
启,口
起,走
唘,口
豈,山
啟,口
啓,口
绮,纟
綮,糸
綺,纟
气,气
讫,讠
迄,辶
汔,氵
弃,廾
汽,氵
炁,灬
泣,氵
契,大
砌,石
氣,气
訖,讠
葺,艹
棄,廾
愒,心
碛,石
槭,木
憇,心
磧,石
器,口
憩,心
薺,艹
掐,扌
葜,艹
洽,氵
恰,忄
髂,骨
千,十
仟,亻
阡,阝
扦,扌
芊,艹
迁,辶
岍,山
佥,人
钎,钅
牵,牛
铅,钅
悭,忄
釺,钅
牽,牛
鈆,钅
谦,讠
签,竹
愆,心
鉛,钅
僉,人
骞,马
慳,忄
搴,手
遷,辶
褰,衣
謙,讠
簽,竹
鶼,鸟
钤,钅
前,刂
虔,虍
钱,钅
钳,钅
掮,扌
乾,乙
鈐,钅
鉗,钅
箝,竹
蕁,艹
潜,氵
潛,氵
黔,黑
錢,钅
肷,月
浅,氵
淺,氵
遣,辶
谴,讠
缱,纟
繾,纟
譴,讠
欠,欠
芡,艹
茜,艹
倩,亻
堑,土
椠,木
嵌,山
蒨,艹
慊,忄
塹,土
歉,欠
槧,木
縴,纟
呛,口
羌,羊
枪,木
戗,戈
戕,戈
羗,羊
腔,月
蜣,虫
锖,钅
槍,木
锵,钅
戧,戈
錆,钅
镪,钅
鎗,木
鏘,钅
強,弓
强,弓
墙,土
蔷,艹
嫱,女
蔃,艹
樯,木
廧,广
檣,木
艢,木
抢,扌
羟,羊
搶,扌
羥,羊
襁,衤
鏹,钅
炝,火
跄,足
嗆,口
熗,火
蹌,足
悄,忄
硗,石
跷,足
锹,钅
劁,刂
敲,攴
墝,石
橇,木
缲,纟
磽,石
鍬,钅
蹺,足
蹻,足
乔,丿
侨,亻
荞,艹
桥,木
喬,丿
鄡,阝
僑,亻
谯,讠
鞒,革
蕎,艹
嶠,山
憔,忄
橋,木
樵,木
瞧,目
癄,忄
譙,讠
鞽,革
顦,忄
巧,工
愀,忄
俏,亻
诮,讠
峭,山
窍,穴
翘,羽
誚,讠
撬,扌
鞘,革
翹,羽
鞩,革
竅,穴
茄,艹
且,一
切,刀
郄,阝
妾,女
怯,忄
窃,穴
挈,手
惬,忄
愜,忄
锲,钅
箧,竹
鍥,钅
竊,穴
钦,钅
侵,亻
亲,亠
衾,衣
嵚,山
嶔,山
芹,艹
芩,艹
秦,禾
琹,王
琴,王
禽,忄
勤,力
嗪,口
溱,氵
擒,扌
噙,口
檎,木
螓,虫
梫,木
锓,钅
寝,宀
寢,宀
鋟,钅
吣,口
沁,氵
吢,口
唚,口
揿,扌
搇,扌
撳,扌
青,青
轻,车
氢,气
倾,亻
卿,卩
圊,囗
氫,气
清,氵
傾,亻
輕,车
蜻,虫
鲭,鱼
鯖,鱼
情,忄
晴,日
氰,气
檠,木
擎,手
黥,黑
苘,艹
顷,页
请,讠
頃,页
請,讠
謦,言
檾,艹
庆,广
碃,石
箐,竹
慶,广
磬,石
親,亠
罄,缶
邛,阝
穷,穴
茕,艹
穹,穴
筇,竹
琼,王
蛩,虫
跫,足
煢,艹
銎,金
窮,穴
瓊,王
藭,艹
丘,丿
邱,阝
秋,禾
秌,禾
蚯,虫
萩,艹
楸,木
穐,禾
鳅,鱼
鰍,鱼
囚,囗
犰,犭
朹,木
求,水
虬,虫
虯,虫
泅,氵
俅,亻
釓,钅
酋,酉
逑,辶
逎,辶
球,王
赇,贝
遒,辶
巯,工
裘,衣
巰,工
賕,贝
蝤,虫
鼽,鼻
糗,米
区,匚
曲,曰
岖,山
诎,讠
驱,马
屈,尸
胠,月
祛,礻
袪,衤
區,匚
蛆,虫
躯,身
趋,走
蛐,虫
詘,讠
嶇,山
駈,马
趨,走
麯,麥
軀,身
麴,麥
黢,黑
驅,马
劬,力
朐,月
鸲,鸟
渠,氵
蕖,艹
磲,石
鴝,鸟
璩,王
瞿,目
蘧,艹
氍,毛
癯,疒
衢,行
蠼,虫
鸜,鸟
取,又
娶,女
龋,齿
齲,齿
去,厶
阒,门
趣,走
觑,见
閴,门
闃,门
覷,见
覻,见
悛,忄
圈,囗
棬,木
鐉,釒
权,木
全,入
诠,讠
荃,艹
泉,水
辁,车
拳,手
铨,钅
痊,疒
筌,竹
輇,车
詮,讠
蜷,虫
銓,钅
権,木
醛,酉
鬈,髟
颧,页
顴,页
犬,犬
畎,田
绻,纟
綣,纟
劝,力
券,刀
勸,力
炔,火
缺,缶
阙,门
闕,门
瘸,疒
却,卩
悫,心
雀,隹
确,石
阕,门
塙,石
鹊,鸟
愨,心
榷,木
慤,心
碻,石
確,石
闋,门
鵲,鸟
逡,辶
帬,衤
裙,衤
羣,羊
群,羊
冄,冂
柟,木
蚺,虫
然,灬
髥,髟
髯,髟
燃,火
冉,冂
苒,艹
染,木
蘘,艹
瀼,氵
孃,女
禳,礻
穰,禾
瓤,瓜
壤,土
攘,扌
嚷,口
让,讠
讓,讠
荛,艹
饶,饣
娆,女
桡,木
嬈,女
橈,木
饒,饣
扰,扌
擾,扌
绕,纟
遶,纟
蟯,虫
繞,纟
惹,心
热,灬
熱,灬
人,人
壬,士
仁,亻
芢,艹
忍,心
荏,艹
荵,艹
棯,木
稔,禾
刃,刀
刄,刀
认,讠
仞,亻
讱,讠
任,亻
纫,纟
韧,韦
轫,车
饪,饣
妊,女
衽,衤
姙,女
紉,纟
軔,车
訒,讠
袵,衤
葚,艹
靭,韦
飪,饣
韌,韦
餁,饣
認,讠
扔,扌
仍,亻
礽,礻
日,日
戎,戈
肜,月
茸,艹
荣,艹
狨,犭
绒,纟
毧,纟
容,宀
嵘,山
絨,纟
蓉,艹
溶,氵
榕,木
榮,艹
熔,火
蝾,虫
镕,钅
融,虫
嶸,山
鎔,钅
瀜,氵
蠑,虫
冗,冖
柔,木
揉,扌
蝚,虫
糅,米
蹂,足
鞣,革
肉,肉
如,女
茹,艹
铷,钅
銣,钅
儒,亻
薷,艹
嚅,口
濡,氵
孺,子
襦,衤
颥,页
蠕,虫
繻,糹
顬,页
汝,氵
乳,乙
辱,辰
鄏,阝
入,入
洳,氵
蓐,艹
溽,氵
缛,纟
褥,衤
縟,纟
阮,阝
软,车
朊,月
軟,车
緛,糹
輭,车
蕤,艹
蕋,艹
蕊,艹
芮,艹
枘,木
蚋,虫
锐,钅
瑞,王
睿,目
鋭,钅
叡,目
闰,门
润,氵
閏,门
潤,氵
若,艹
鄀,阝
偌,亻
弱,弓
渃,氵
婼,女
蒻,竹
箬,竹
仨,亻
挲,手
撒,扌
洒,氵
灑,氵
卅,十
飒,风
脎,月
萨,艹
颯,风
薩,艹
腮,月
塞,土
噻,口
鳃,鱼
顋,月
鰓,鱼
赛,贝
僿,土
賽,贝
三,一
彡,彡
叁,厶
毵,毛
毿,毛
伞,人
傘,人
糁,米
馓,饣
糂,米
糝,米
繖,人
饊,饣
散,攵
桑,木
喪,一
搡,扌
嗓,口
磉,石
颡,页
顙,页
丧,一
搔,扌
骚,马
缫,纟
懆,忄
臊,月
鳋,鱼
繅,纟
騷,马
鱢,月
扫,扌
掃,扌
嫂,女
埽,土
瘙,疒
色,色
涩,氵
啬,口
铯,钅
瑟,王
嗇,口
銫,钅
澁,氵
穑,禾
濇,氵
澀,氵
穡,禾
森,木
篸,竹
僧,亻
杀,木
沙,氵
纱,纟
刹,刂
砂,石
挱,手
莎,艹
殺,木
紗,纟
铩,钅
痧,疒
煞,灬
裟,衣
鲨,鱼
鎩,钅
鯊,鱼
啥,口
傻,亻
儍,亻
萐,艹
唼,口
厦,厂
歃,欠
翣,羽
霎,雨
筛,竹
酾,酉
篩,竹
釃,酉
晒,日
曬,日
山,山
芟,艹
杉,木
刪,刂
删,刂
苫,艹
钐,钅
衫,衤
姍,女
姗,女
珊,王
埏,土
舢,舟
釤,钅
跚,足
搧,户
煽,火
潸,氵
澘,氵
穇,禾
膻,月
羴,月
羶,月
鱣,鱼
闪,门
陕,阝
陝,阝
閃,门
讪,讠
汕,氵
疝,疒
訕,讠
剡,刂
扇,户
傓,火
善,口
骟,马
鄯,阝
缮,纟
擅,扌
膳,月
嬗,女
赡,贝
蟮,虫
繕,纟
騸,马
贍,贝
饍,月
鳝,鱼
鱓,鱼
鱔,鱼
伤,亻
殇,歹
商,口
觞,角
傷,亻
墒,土
殤,歹
熵,火
觴,角
垧,土
晌,日
赏,贝
賞,贝
上,一
尚,小
绱,纟
緔,纟
裳,衣
捎,扌
烧,火
梢,木
稍,禾
蛸,虫
筲,竹
艄,舟
蕱,竹
燒,火
鮹,魚
勺,勹
芍,艹
苕,艹
韶,音
少,小
卲,卩
邵,阝
劭,力
绍,纟
哨,口
紹,纟
潲,氵
奢,大
赊,贝
猞,犭
畲,田
賒,贝
檨,木
舌,舌
佘,人
蛇,虫
舍,舌
捨,舌
厍,厂
设,讠
社,礻
厙,厂
射,寸
涉,氵
赦,赤
設,讠
摄,扌
滠,氵
慑,忄
慴,忄
歙,欠
攝,扌
麝,鹿
灄,氵
懾,忄
谁,讠
申,田
伸,亻
身,身
呻,口
侁,亻
诜,讠
绅,纟
珅,王
莘,艹
砷,石
娠,女
深,氵
紳,纟
詵,讠
蔘,艹
鲹,鱼
鯵,魚
鰺,魚
什,亻
神,礻
沈,氵
审,宀
哂,口
矧,矢
谂,讠
渖,氵
婶,女
諗,讠
審,宀
嬸,女
肾,月
甚,甘
胂,月
渗,氵
腎,月
椹,木
蜃,虫
慎,忄
滲,氵
升,十
生,生
声,士
昇,日
牲,牜
笙,竹
甥,生
聲,士
绳,纟
繩,纟
省,目
眚,目
圣,土
胜,月
盛,皿
剩,刂
勝,月
聖,土
嵊,山
尸,尸
失,大
师,巾
邿,阝
诗,讠
虱,虫
狮,犭
施,方
浉,氵
師,巾
湿,氵
蓍,艹
獅,犭
詩,讠
溼,氵
濕,氵
十,十
石,石
时,日
识,讠
实,宀
拾,扌
食,食
蚀,虫
莳,艹
時,日
蝕,虫
實,宀
鲥,鱼
識,讠
史,口
矢,矢
豕,豕
使,亻
始,女
驶,马
屎,尸
駛,马
士,士
氏,氏
示,示
世,一
丗,一
仕,亻
市,巾
式,弋
卋,一
似,亻
势,力
柹,木
事,亅
侍,亻
饰,饣
试,讠
视,见
拭,扌
柿,木
是,日
适,辶
恃,忄
室,宀
逝,辶
轼,车
眎,见
眡,见
舐,舌
視,见
释,采
谥,讠
勢,力
軾,车
嗜,口
筮,竹
飾,饣
試,讠
誓,言
適,辶
奭,大
噬,口
諡,讠
螫,虫
謚,讠
釋,采
匙,匕
収,攵
收,攵
手,手
守,宀
首,首
艏,舟
寿,寸
受,又
狩,犭
授,扌
售,口
兽,丷
绶,纟
壽,寸
瘦,疒
綬,纟
獸,丷
殳,殳
书,乛
疋,疋
抒,扌
纾,纟
枢,木
叔,又
陎,阝
姝,女
殊,歹
倏,亻
書,乛
紓,纟
菽,艹
梳,木
鄃,阝
淑,氵
舒,舌
疎,疋
疏,疋
摅,扌
输,车
毹,毛
蔬,艹
樞,木
輸,车
攄,扌
秫,禾
孰,子
赎,贝
塾,土
熟,灬
璹,王
贖,贝
暑,日
黍,黍
属,尸
署,罒
蜀,虫
鼠,鼠
薯,艹
曙,日
屬,尸
术,木
朮,木
戍,戈
束,木
述,辶
沭,氵
树,木
竖,立
恕,心
術,木
庻,广
庶,广
竪,立
腧,月
数,攵
墅,土
潄,氵
漱,氵
豎,立
數,攵
澍,氵
樹,木
刷,刂
唰,口
耍,而
衰,衣
摔,扌
甩,用
帅,巾
帥,巾
蟀,虫
闩,门
拴,扌
閂,门
栓,木
涮,氵
腨,月
双,又
霜,雨
雙,又
孀,女
爽,爻
誰,讠
水,水
税,禾
睡,目
吮,口
顺,页
順,页
舜,夕
瞤,目
瞬,目
说,讠
説,讠
妁,女
烁,火
铄,钅
朔,月
硕,石
搠,扌
蒴,艹
碩,石
槊,木
爍,火
鑠,钅
厶,厶
司,口
丝,一
私,禾
咝,口
思,心
鸶,鸟
斯,斤
蛳,虫
缌,纟
絲,一
锶,钅
撕,扌
嘶,口
噝,口
澌,氵
緦,纟
螄,虫
鍶,钅
鷥,鸟
死,歹
巳,巳
四,囗
寺,寸
汜,氵
兕,儿
佀,亻
祀,礻
姒,女
饲,饣
泗,氵
驷,马
枱,木
耜,耒
笥,竹
肆,聿
嗣,口
飼,饣
駟,马
騃,馬
忪,忄
松,木
娀,女
凇,冫
菘,艹
崧,山
淞,氵
嵩,山
鬆,木
怂,心
耸,耳
悚,忄
竦,立
慫,心
聳,耳
讼,讠
宋,宀
送,辶
诵,讠
颂,页
訟,讠
頌,页
誦,讠
搜,扌
嗖,口
馊,饣
溲,氵
飕,风
锼,钅
螋,虫
艘,舟
鎪,钅
餿,饣
颼,风
叟,又
瞍,目
嗾,口
擞,扌
薮,艹
擻,扌
藪,艹
嗽,口
苏,艹
甦,艹
酥,酉
稣,禾
穌,禾
蘇,艹
俗,亻
玊,玉
夙,夕
诉,讠
泝,氵
肃,聿
素,糸
速,辶
涑,氵
宿,宀
粟,米
訴,讠
谡,讠
嗉,口
塑,土
遡,氵
溯,氵
愫,忄
肅,聿
蔌,艹
僳,亻
觫,角
愬,讠
潚,氵
璛,王
簌,竹
謖,讠
狻,犭
酸,酉
蒜,艹
筭,竹
算,竹
虽,虫
荽,艹
眭,目
睢,目
濉,氵
雖,虫
绥,纟
隋,阝
随,阝
綏,纟
髓,骨
岁,山
谇,讠
祟,示
嵗,山
遂,辶
碎,石
歲,山
歳,山
隧,阝
誶,讠
燧,火
穗,禾
邃,辶
繸,糹
孙,子
荪,艹
狲,犭
孫,子
飧,飠
蓀,艹
猻,犭
损,扌
笋,竹
隼,隹
筍,竹
損,扌
榫,木
唆,口
娑,女
桫,木
梭,木
睃,目
蓑,艹
嗦,口
嗍,口
羧,羊
缩,纟
簑,艹
縮,纟
所,户
索,糸
唢,口
琐,王
锁,钅
嗩,口
瑣,王
鎖,钅
鎻,钅
鏁,钅
他,亻
它,宀
她,女
趿,足
铊,钅
塌,土
遢,辶
溻,氵
塔,土
墖,土
獭,犭
鳎,鱼
獺,犭
鰨,鱼
拓,扌
挞,扌
闼,门
榻,木
撻,扌
踏,足
蹋,足
闥,门
胎,月
台,口
邰,阝
抬,扌
苔,艹
炱,火
跆,足
鲐,鱼
駘,马
鮐,鱼
擡,扌
薹,艹
太,大
汰,氵
态,心
肽,月
钛,钅
泰,水
酞,酉
鈦,钅
態,心
坍,土
贪,贝
貪,贝
摊,扌
滩,氵
瘫,疒
攤,扌
灘,氵
癱,疒
坛,土
昙,日
郯,阝
谈,讠
惔,忄
覃,覀
锬,钅
痰,疒
谭,讠
談,讠
潭,氵
壇,土
曇,日
檀,木
譚,讠
忐,心
坦,土
钽,钅
袒,衤
毯,毛
鉭,钅
襢,衤
叹,口
炭,火
探,扌
碳,石
嘆,口
歎,口
賧,贝
汤,氵
铴,钅
湯,氵
耥,耒
羰,羊
镗,钅
饧,饣
唐,口
堂,土
棠,木
塘,土
搪,扌
溏,氵
瑭,王
樘,木
膛,月
螗,虫
糖,米
醣,酉
螳,虫
餳,饣
鎕,米
鏜,钅
帑,巾
倘,亻
淌,氵
傥,亻
躺,身
儻,亻
烫,火
趟,走
燙,火
鐋,钅
弢,弓
涛,氵
绦,纟
焘,灬
掏,扌
絛,纟
滔,氵
慆,忄
韬,韦
縧,纟
縚,纟
濤,氵
燾,灬
鞱,韦
韜,韦
饕,飠
逃,辶
洮,氵
桃,木
陶,阝
萄,艹
梼,木
啕,口
淘,氵
檮,木
鼗,鼓
讨,讠
討,讠
套,大
忑,心
忒,心
特,牜
铽,钅
慝,心
鋱,钅
膯,月
疼,疒
腾,月
誊,言
滕,水
謄,言
藤,艹
騰,月
鰧,艹
剔,刂
梯,木
锑,钅
踢,足
銻,钅
鷉,鳥
荑,艹
绨,纟
提,扌
啼,口
鹈,鸟
缇,纟
嗁,口
綈,纟
题,页
蝭,虫
漽,氵
緹,纟
醍,酉
蹄,足
蹏,足
題,页
鵜,鸟
体,亻
軆,亻
屉,尸
剃,刂
倜,亻
逖,辶
涕,氵
悌,忄
逷,辶
惕,忄
屜,尸
替,曰
裼,衤
髰,刂
鬀,刂
嚏,口
天,大
添,氵
田,田
畋,田
恬,忄
甛,甘
菾,艹
甜,甘
填,土
阗,门
闐,门
忝,小
殄,歹
捵,扌
淟,氵
琠,王
腆,月
舔,舌
餂,飠
靦,月
掭,扌
佻,亻
挑,扌
祧,礻
条,木
迢,辶
條,木
笤,竹
龆,齿
蜩,虫
髫,髟
鲦,鱼
齠,齿
鰷,鱼
窕,穴
眺,目
粜,米
跳,足
頫,亻
糶,米
帖,巾
贴,贝
萜,艹
貼,贝
铁,钅
鐵,钅
呫,口
餮,飠
厅,厂
汀,氵
听,口
烃,火
烴,火
聽,口
廳,厂
廷,廴
莛,艹
亭,亠
庭,广
停,亻
葶,艹
蜓,虫
婷,女
霆,雨
聤,耳
挺,扌
珽,王
梃,木
艇,舟
通,辶
嗵,口
仝,人
同,口
佟,亻
彤,彡
茼,艹
哃,口
桐,木
砼,石
铜,钅
童,立
酮,酉
僮,亻
銅,钅
潼,氵
橦,木
瞳,目
统,纟
捅,扌
桶,木
筒,竹
統,纟
筩,竹
恸,忄
痛,疒
慟,忄
偷,亻
头,大
投,扌
骰,骨
頭,大
鈄,钅
透,辶
凸,凵
秃,禾
突,穴
葖,艹
图,囗
凃,冫
荼,艹
徒,彳
途,辶
涂,氵
屠,尸
腯,月
酴,酉
圖,囗
土,土
吐,口
钍,钅
釷,钅
兎,儿
兔,儿
堍,土
菟,艹
湍,氵
貒,豸
团,囗
抟,扌
摶,扌
蓴,艹
團,囗
疃,田
彖,彑
推,扌
颓,页
頹,页
穨,页
腿,月
退,辶
蜕,虫
煺,火
褪,衤
吞,口
涒,氵
暾,日
屯,屮
芚,日
饨,饣
豚,豕
飩,饣
鲀,鱼
魨,魚
臀,月
臋,月
氽,水
乇,丿
托,扌
拖,扌
拕,扌
脱,月
驮,马
佗,亻
陀,阝
坨,土
沲,氵
沱,氵
驼,马
柁,木
砤,石
砣,石
鸵,鸟
酡,酉
跎,足
馱,马
鉈,钅
駝,马
橐,木
鴕,鸟
鮀,魚
鼍,黽
鼉,黽
妥,女
庹,广
椭,木
柝,木
唾,口
箨,竹
籜,竹
挖,扌
洼,氵
娲,女
媧,女
蛙,虫
娃,女
譁,口
瓦,瓦
佤,亻
袜,衤
腽,月
襪,衤
韈,衤
韤,衤
哇,口
歪,止
崴,山
外,夕
弯,弓
剜,刂
湾,氵
蜿,虫
豌,豆
彎,弓
灣,氵
丸,丿
芄,艹
纨,纟
完,宀
玩,王
紈,纟
顽,页
烷,火
頑,页
宛,宀
挽,扌
菀,艹
晚,日
脘,月
惋,忄
婉,女
绾,纟
琬,王
皖,白
碗,石
畹,田
輓,扌
綰,纟
万,一
萬,一
腕,月
尪,尢
尫,兀
汪,氵
亡,亠
王,王
网,网
枉,木
罔,网
往,彳
菵,艹
惘,忄
辋,车
網,网
輞,车
魍,鬼
妄,女
忘,心
旺,日
望,月
朢,月
危,厄
威,女
逶,辶
偎,亻
隈,阝
葳,艹
微,彳
煨,火
薇,艹
巍,山
囗,囗
韦,韦
圩,土
违,辶
围,囗
帏,巾
闱,门
沩,氵
為,丶
韋,韦
桅,木
涠,氵
唯,口
帷,巾
惟,忄
维,纟
琟,王
嵬,山
幃,巾
圍,囗
爲,丶
溈,氵
湋,氵
違,辶
潍,氵
維,纟
潿,氵
潙,氵
闈,门
鮠,魚
濰,氵
癓,疒
伟,亻
伪,亻
苇,艹
芛,艹
尾,尸
纬,纟
玮,王
委,女
炜,火
洧,氵
诿,讠
娓,女
萎,艹
偽,亻
偉,亻
隗,阝
蒍,艹
葦,艹
猥,犭
瑋,王
韪,韦
艉,舟
腲,月
痿,疒
煒,火
僞,亻
鲔,鱼
諉,讠
緯,纟
薳,艹
鮪,鱼
韙,韦
卫,卩
为,丶
未,木
位,亻
味,口
畏,田
胃,月
軎,車
谓,讠
尉,寸
喂,口
猬,犭
渭,氵
蔚,艹
蝟,犭
衛,卩
慰,心
衞,卩
餧,口
謂,讠
魏,鬼
餵,口
温,氵
榲,木
瘟,疒
文,文
纹,纟
玟,王
闻,门
蚊,虫
紋,纟
阌,门
雯,雨
聞,门
閿,门
闅,门
刎,刂
吻,口
肳,口
紊,糸
稳,禾
穩,禾
问,门
汶,氵
問,门
璺,玉
翁,羽
嗡,口
螉,虫
蓊,艹
瓮,瓦
蕹,艹
甕,瓦
罋,瓦
挝,扌
莴,艹
倭,亻
涡,氵
堝,土
萵,艹
渦,氵
喔,口
窝,穴
蜗,虫
窩,穴
撾,扌
蝸,虫
我,戈
肟,月
沃,氵
卧,卜
臥,卜
偓,亻
握,扌
硪,石
幄,巾
渥,氵
斡,斗
龌,齿
齷,齿
乌,丿
圬,土
邬,阝
污,氵
杇,土
巫,工
呜,口
钨,钅
诬,讠
屋,尸
烏,丿
釫,土
鄔,阝
嗚,口
誣,讠
无,无
毋,毋
芜,艹
吾,口
吴,口
郚,阝
唔,口
浯,氵
梧,木
無,无
蜈,虫
蕪,艹
鼯,鼠
五,二
午,十
伍,亻
仵,亻
迕,辶
庑,广
怃,忄
忤,忄
妩,女
武,止
侮,亻
捂,扌
牾,牜
娬,女
珷,王
鹉,鸟
摀,扌
舞,夕
廡,忄
嫵,女
鵡,鸟
兀,儿
勿,勹
戊,戈
务,力
阢,阝
扤,扌
坞,土
芴,艹
杌,木
物,牜
误,讠
悟,忄
務,力
晤,日
焐,火
痦,疒
婺,女
骛,马
雾,雨
誤,讠
寤,宀
鹜,鸟
鋈,金
霧,雨
騖,鸟
夕,夕
兮,八
西,西
吸,口
汐,氵
希,巾
昔,日
析,木
矽,石
穸,穴
郗,阝
唏,口
牺,牜
息,心
奚,大
浠,氵
娭,女
菥,艹
硒,石
晞,日
欷,欠
悉,心
烯,火
淅,氵
惜,忄
晳,日
晰,日
稀,禾
傒,亻
舾,舟
翕,羽
粞,米
犀,牛
皙,白
嵠,氵
锡,钅
溪,氵
熙,灬
豨,豕
蜥,虫
熈,灬
僖,亻
誒,讠
熄,火
嘻,口
膝,月
瘜,疒
嬉,女
熹,灬
樨,木
螅,虫
錫,钅
羲,羊
熺,灬
豯,豕
蟋,虫
貕,豸
谿,谷
燨,日
雟,隹
醯,酉
譆,口
曦,日
巇,山
犧,牜
鼷,鼠
蠵,虫
习,乙
席,巾
觋,见
袭,衣
習,乙
蓆,巾
媳,女
覡,见
隰,阝
檄,木
襲,衣
洗,氵
玺,玉
铣,钅
徙,彳
喜,口
葸,艹
葈,艹
蓰,艹
銑,钅
屣,尸
禧,礻
壐,玉
璽,玉
鱚,魚
戏,戈
饩,饣
系,糸
细,纟
郤,阝
阋,门
細,纟
舄,臼
隙,阝
禊,礻
繋,糸
戲,戈
鬩,门
餼,饣
虾,虫
瞎,目
蝦,虫
鰕,魚
匣,匚
侠,亻
狎,犭
柙,木
峡,山
俠,亻
狭,犭
峽,山
狹,犭
硖,石
陿,犭
硤,石
遐,辶
瑕,王
暇,日
舝,车
辖,车
蕸,艹
轄,车
霞,雨
黠,黑
鎋,车
下,一
芐,艹
吓,口
夏,夂
嚇,口
罅,缶
仙,亻
先,儿
纤,纟
氙,气
杴,木
秈,米
祆,礻
籼,米
姺,女
莶,艹
掀,扌
酰,酉
跹,足
锨,钅
僊,亻
鲜,鱼
暹,日
薟,艹
鍁,钅
錟,钅
鮮,鱼
躚,足
伭,亻
闲,门
贤,贝
弦,弓
咸,口
涎,氵
娴,女
衔,行
舷,舟
絃,弓
閑,门
閒,门
啣,行
痫,疒
鹇,鸟
嫌,女
銜,行
賢,贝
嫻,女
嫺,女
癇,疒
鷼,鸟
鷳,鸟
狝,犭
冼,冫
显,日
险,阝
蚬,虫
猃,犭
筅,竹
跣,足
蜆,虫
箲,竹
險,阝
嶮,阝
獫,犭
藓,艹
燹,火
蘚,艹
玁,犭
顯,日
苋,艹
县,厶
岘,山
现,王
限,阝
线,纟
宪,宀
莧,艹
峴,山
陷,阝
現,王
馅,饣
羡,羊
缐,纟
献,犬
腺,月
綫,纟
線,糹
縣,厶
餡,饣
霰,雨
獻,犬
乡,乙
芗,艹
相,目
香,香
厢,厂
鄉,乙
葙,艹
湘,氵
缃,纟
薌,艹
箱,竹
緗,纟
襄,衣
骧,马
镶,钅
鑲,钅
驤,马
详,讠
庠,广
祥,礻
翔,羽
詳,讠
享,亠
响,口
饷,饣
飨,飠
想,心
餉,饣
鲞,鱼
鮝,鱼
饗,飠
響,口
饟,饣
向,口
项,页
巷,巳
象,豕
項,页
像,亻
橡,木
蟓,虫
枭,木
枵,木
哓,口
骁,马
逍,辶
消,氵
宵,宀
绡,纟
萧,艹
梟,木
硝,石
销,钅
痟,疒
綃,纟
箫,竹
潇,氵
霄,雨
嘵,口
銷,钅
蕭,艹
魈,鬼
嚣,口
簫,竹
瀟,氵
嚻,口
驍,马
崤,山
淆,氵
小,小
晓,日
暁,日
筱,竹
孝,子
肖,月
校,木
哮,口
笑,竹
俲,攵
效,攵
啸,口
嘨,口
些,二
楔,木
歇,欠
蝎,虫
蠍,虫
协,十
邪,阝
協,十
胁,月
挟,扌
挾,扌
脇,月
脅,月
偕,亻
斜,斗
谐,讠
携,扌
撷,扌
頡,页
擕,扌
鞋,革
勰,力
缬,纟
諧,讠
擷,扌
鞵,革
攜,扌
纈,纟
写,冖
冩,冖
泄,氵
泻,氵
绁,纟
卸,卩
洩,氵
屑,尸
械,木
偰,亻
紲,纟
亵,亠
渫,氵
谢,讠
屟,尸
榭,木
榍,木
薤,艹
薢,艹
獬,犭
邂,辶
廨,广
懈,忄
謝,讠
燮,火
褻,亠
瀉,氵
蠏,虫
蟹,虫
爕,火
瀣,氵
躞,足
心,心
邤,阝
芯,艹
辛,辛
忻,忄
昕,日
欣,欠
俽,欠
訢,言
锌,钅
新,斤
歆,欠
鋅,钅
薪,艹
馨,香
鑫,金
鐔,钅
囟,囗
信,亻
衅,血
星,日
猩,犭
惺,忄
腥,月
刑,刂
邢,阝
行,行
形,彡
陉,阝
型,土
荥,艹
硎,石
鋞,釒
醒,酉
擤,扌
兴,八
杏,木
幸,干
性,忄
姓,女
荇,艹
莕,艹
涬,氵
悻,忄
婞,女
興,八
臖,月
凶,凵
兄,儿
芎,艹
匈,勹
讻,讠
汹,氵
哅,讠
洶,氵
胸,月
胷,月
訩,言
詾,讠
雄,隹
熊,灬
休,亻
咻,口
修,亻
庥,广
脩,月
羞,羊
鸺,鸟
脙,月
貅,豸
馐,饣
髹,髟
鵂,鸟
饈,饣
朽,木
秀,禾
岫,山
袖,衤
绣,纟
琇,王
锈,钅
嗅,口
溴,氵
綉,纟
銹,钅
繍,纟
鏽,钅
戌,戈
吁,口
盱,目
须,页
胥,月
顼,页
訏,言
虚,虍
須,页
頊,页
墟,土
需,雨
嘘,口
鬚,页
鑐,釒
俆,亻
徐,彳
许,讠
呴,口
诩,讠
珝,王
栩,木
詡,讠
糈,米
醑,酉
旭,日
序,广
卹,忄
叙,又
洫,氵
恤,忄
酗,酉
勖,力
勗,力
敍,又
敘,又
绪,纟
续,纟
壻,女
溆,氵
絮,糸
婿,女
蓄,艹
賉,忄
煦,灬
慉,忄
緒,纟
續,纟
蓿,艹
轩,车
宣,宀
軒,车
谖,讠
揎,扌
萲,艹
萱,艹
喧,口
暄,日
煖,日
煊,火
睻,目
儇,亻
蕿,艹
諼,讠
蘐,艹
玄,玄
玹,王
痃,疒
悬,心
旋,方
漩,氵
璇,王
璿,王
懸,心
选,辶
烜,火
選,辶
癣,疒
癬,疒
泫,氵
炫,火
绚,纟
眩,目
铉,钅
琄,王
眴,目
渲,氵
絢,纟
楦,木
鉉,钅
碹,石
镟,钅
鏇,方
削,刂
靴,革
薛,艹
鞾,革
穴,穴
斈,子
学,子
泶,水
踅,足
噱,口
鴬,艹
澩,水
雪,雨
鳕,鱼
鱈,鱼
血,血
谑,讠
謔,讠
勋,力
埙,土
勛,力
塤,土
熏,灬
窨,穴
勲,力
壎,土
薰,艹
獯,犭
曛,日
醺,酉
廵,巛
旬,日
寻,寸
巡,巛
询,讠
荀,艹
荨,艹
峋,山
洵,氵
浔,氵
恂,忄
紃,糹
珣,王
栒,木
偱,亻
循,彳
尋,寸
詢,讠
鲟,鱼
鄩,阝
潯,氵
鱏,鱼
鱘,鱼
训,讠
讯,讠
汛,氵
迅,辶
驯,马
徇,彳
逊,辶
殉,歹
訓,讠
訊,讠
巽,饣
馴,马
遜,辶
蕈,艹
濬,氵
丫,丨
压,厂
押,扌
垭,土
鸦,鸟
桠,木
鸭,鸟
椏,木
鴉,鸟
鴨,鸟
壓,厂
牙,牙
伢,亻
芽,艹
岈,山
厓,山
琊,王
蚜,虫
崕,山
崖,山
涯,氵
睚,目
衙,行
哑,口
啞,口
痖,疒
雅,隹
轧,车
亚,二
讶,讠
迓,辶
亞,二
軋,车
砑,石
娅,女
氩,气
埡,土
訝,讠
婭,女
揠,扌
氬,气
呀,口
恹,忄
胭,月
烟,火
焉,灬
菸,艹
崦,山
阉,门
淹,氵
腌,月
湮,氵
鄢,阝
傿,亻
煙,火
嫣,女
閹,门
臙,月
延,廴
闫,门
芫,艹
严,一
言,言
妍,女
岩,山
炎,火
沿,氵
研,石
姸,女
盐,皿
閆,门
阎,门
蜒,虫
喦,山
筵,竹
颜,页
閻,门
檐,木
顔,页
嚴,一
簷,木
巖,山
巗,山
鹽,皿
奄,大
兖,亠
匽,匚
俨,亻
衍,行
掩,扌
菴,艹
郾,阝
厣,厂
眼,目
偃,亻
琰,王
罨,罒
演,氵
魇,鬼
厴,厂
儼,亻
鼴,鼠
魘,鬼
鼹,鼠
厌,厂
砚,石
咽,口
彦,彡
艳,色
晏,日
唁,口
宴,宀
验,马
谚,讠
堰,土
硯,石
雁,隹
焰,火
焱,火
滟,氵
酽,酉
厭,厂
餍,厂
谳,讠
燕,灬
赝,贝
燄,火
諺,讠
鴳,鳥
騐,马
贋,贝
嬿,女
灔,氵
驗,马
醼,宀
讌,宀
艷,色
釅,酉
豓,色
讞,讠
豔,色
央,大
泱,氵
殃,歹
鸯,鸟
秧,禾
鞅,革
鴦,鸟
扬,扌
羊,羊
阳,阝
玚,王
杨,木
旸,日
飏,风
炀,火
佯,亻
疡,疒
徉,彳
洋,氵
烊,火
陽,阝
揚,扌
蛘,虫
崵,山
瑒,王
楊,木
敭,扌
暘,日
煬,火
瘍,疒
鐊,釒
仰,亻
养,丷
氧,气
痒,疒
養,丷
癢,疒
怏,忄
样,木
恙,心
様,木
漾,氵
幺,幺
夭,大
吆,口
妖,女
葽,艹
腰,月
邀,辶
爻,爻
尧,兀
肴,月
轺,车
姚,女
珧,王
窑,穴
堯,兀
軺,车
傜,亻
谣,讠
摇,扌
徭,彳
遥,辶
瑶,王
銚,钅
蕘,艹
窰,穴
窯,穴
餚,月
繇,糸
謡,讠
鳐,鱼
鰩,鱼
杳,木
咬,口
舀,臼
窈,穴
崾,山
齩,口
药,艹
要,覀
钥,钅
鹞,鸟
藥,艹
曜,日
燿,羽
耀,羽
鷂,鸟
鑰,钅
掖,扌
椰,木
噎,口
蠮,虫
爷,父
耶,耳
揶,扌
铘,钅
爺,父
鋣,钅
也,乙
冶,冫
虵,虫
野,里
业,业
叶,口
页,页
曳,曰
邺,阝
夜,夕
頁,页
亱,夕
晔,日
烨,火
液,氵
谒,讠
葉,口
腋,月
業,业
曄,日
燁,火
靥,面
鄴,阝
嶪,页
謁,讠
爗,火
靨,面
一,一
伊,亻
衣,衣
医,匚
吚,口
依,亻
祎,礻
咿,口
铱,钅
猗,犭
揖,扌
壹,士
欹,欠
禕,礻
銥,钅
漪,氵
噫,口
毉,匚
醫,匚
黟,黑
譩,言
仪,亻
圯,土
夷,大
沂,氵
诒,讠
迤,辶
饴,饣
怡,忄
宜,宀
咦,口
贻,贝
姨,女
眙,目
胰,月
移,禾
痍,疒
貽,贝
遗,辶
詒,言
颐,页
飴,饣
銕,钅
疑,疋
遺,辶
儀,亻
頤,页
彜,彑
嶷,山
鮧,魚
彝,彑
鸃,鳥
乙,乙
已,己
以,人
钇,钅
苡,艹
佁,亻
矣,矢
蚁,虫
舣,舟
釔,钅
酏,酉
倚,亻
椅,木
旖,方
螘,虫
錡,釒
蟻,虫
艤,舟
靉,厶
弋,弋
亿,亻
义,丶
艺,艹
刈,刂
忆,忄
议,讠
屹,山
亦,亠
异,廾
抑,扌
呓,口
邑,邑
佚,亻
役,彳
译,讠
易,日
峄,山
佾,亻
怿,忄
诣,讠
妷,亻
绎,纟
驿,马
轶,车
弈,廾
奕,大
疫,疒
羿,羽
挹,扌
益,皿
悒,忄
谊,讠
埸,土
異,廾
逸,辶
翊,羽
翌,羽
軼,车
絏,纟
搤,扌
肄,聿
詣,讠
裔,衣
意,心
義,丶
溢,氵
缢,纟
蜴,虫
瘗,疒
镒,钅
億,亻
誼,讠
毅,殳
熠,火
薏,艹
殪,歹
嶧,山
儗,扌
劓,刂
燚,火
懌,忄
憶,忄
縊,纟
翳,羽
臆,月
翼,羽
藝,艹
镱,钅
鎰,钅
癔,疒
繹,纟
繶,糹
譯,讠
議,讠
瀷,氵
囈,口
鐿,钅
懿,心
驛,马
虉,艹
讛,口
因,囗
阴,阝
茵,艹
荫,艹
音,音
洇,氵
姻,女
氤,气
殷,殳
陰,阝
铟,钅
陻,土
隂,阝
堙,土
喑,口
婣,女
蔭,艹
銦,钅
瘖,疒
吟,口
垠,土
珢,王
狺,犭
唫,口
银,钅
淫,氵
寅,宀
欽,钅
鄞,阝
滛,氵
龈,齿
銀,钅
夤,夕
霪,雨
齦,齿
尹,尸
引,弓
吲,口
饮,饣
蚓,虫
隐,阝
飲,饣
飮,饣
瘾,疒
隱,阝
癮,疒
印,卩
茚,艹
胤,月
癊,疒
应,广
英,艹
莺,艹
婴,女
渶,氵
瑛,王
撄,扌
嘤,口
罂,缶
缨,纟
璎,王
樱,木
鹦,鸟
嬰,女
膺,月
甖,缶
鹰,鸟
攖,扌
蘡,艹
罌,缶
嚶,口
瓔,王
櫻,木
鷪,艹
纓,纟
鸚,鸟
迎,辶
茔,艹
荧,艹
盈,皿
莹,艹
萤,艹
营,艹
萦,艹
蓥,艹
楹,木
塋,艹
滢,氵
蝇,虫
滎,艹
熒,艹
潆,氵
瑩,艹
嬴,女
螢,艹
營,艹
縈,艹
赢,贝
鎣,艹
蠅,虫
瀛,氵
瀠,氵
贏,贝
郢,阝
颍,页
颖,页
影,彡
頴,页
穎,页
瘿,疒
癭,疒
映,日
硬,石
暎,日
媵,女
應,广
瀅,氵
哟,口
唷,口
喲,口
佣,亻
拥,扌
痈,疒
邕,邑
庸,广
傭,亻
鄘,阝
雍,隹
墉,土
慵,忄
擁,扌
壅,土
臃,月
鳙,鱼
鱅,鱼
饔,飠
癰,疒
喁,口
永,水
甬,用
咏,口
泳,氵
怺,心
俑,亻
勇,力
涌,氵
恿,心
惥,心
詠,口
湧,氵
蛹,虫
踊,足
踴,足
用,用
优,亻
攸,攵
忧,忄
呦,口
幽,幺
悠,心
憂,忄
優,亻
尢,尢
尤,尢
由,田
邮,阝
犹,犭
肬,疒
油,氵
疣,疒
莜,艹
莸,艹
铀,钅
郵,阝
蚰,虫
鱿,鱼
猶,犭
游,氵
鈾,钅
猷,犬
蕕,艹
蝣,虫
魷,鱼
友,又
有,月
酉,酉
卣,卜
羑,羊
莠,艹
铕,钅
銪,钅
牖,片
黝,黑
又,又
右,口
幼,幺
佑,亻
侑,亻
柚,木
囿,囗
宥,宀
祐,礻
诱,讠
蚴,虫
痏,疒
釉,采
誘,讠
鼬,鼠
迂,辶
纡,纟
紆,纟
淤,氵
瘀,疒
于,二
邘,阝
汙,氵
汚,氵
玙,王
欤,欠
余,人
妤,女
盂,皿
臾,臼
鱼,鱼
於,方
禺,忄
竽,竹
舁,臼
俞,人
酑,酉
狳,犭
馀,饣
谀,讠
娱,女
萸,艹
雩,雨
渔,氵
隅,阝
揄,扌
嵛,山
逾,辶
腴,月
渝,氵
愉,忄
婾,亻
瑜,王
榆,木
虞,虍
愚,心
觎,见
舆,臼
漁,氵
窬,穴
蝓,虫
諛,讠
覦,见
璵,王
輿,臼
歟,欠
髃,骨
与,一
予,亅
屿,山
伛,亻
宇,宀
羽,羽
雨,雨
俣,亻
禹,忄
语,讠
圄,囗
圉,囗
鄅,阝
庾,广
萭,艹
萮,艹
與,一
傴,亻
瘐,疒
語,讠
龉,齿
窳,穴
嶼,山
齬,齿
玉,玉
驭,马
芋,艹
聿,聿
饫,饣
妪,女
郁,阝
育,月
昱,日
狱,犭
彧,彡
峪,山
钰,钅
浴,氵
预,页
域,土
欲,欠
阈,门
淯,氵
谕,讠
琙,王
馭,马
遇,辶
喻,口
御,彳
鹆,鸟
飫,饣
寓,宀
裕,衤
蓣,艹
鈺,钅
愈,心
煜,火
誉,言
預,页
蜮,虫
毓,母
獄,犭
瘉,心
嫗,女
墺,土
慾,欠
豫,豕
蕷,艹
閾,门
閼,门
諭,讠
燠,火
魊,虫
鹬,鸟
礜,石
鵒,鸟
癒,心
譽,言
鬻,鬲
鷸,鸟
鸢,鸟
眢,目
鸳,鸟
冤,冖
渊,氵
涴,氵
寃,冖
淵,氵
蒬,艹
鳶,鸟
箢,竹
鴛,鸟
元,儿
园,囗
员,口
沅,氵
垣,土
爰,爫
袁,衣
原,厂
蚖,虫
員,口
圆,囗
鼋,黽
援,扌
猨,犭
缘,纟
塬,土
蒝,艹
楥,木
園,囗
圓,囗
猿,犭
源,氵
辕,车
蝯,犭
緣,纟
橼,木
螈,虫
黿,黽
轅,车
櫞,木
远,辶
遠,辶
苑,艹
怨,心
院,阝
媛,女
瑗,王
愿,心
曰,曰
曱,曰
约,纟
約,纟
月,月
刖,刂
礿,礻
玥,王
岳,山
蚏,刂
钺,钅
阅,门
悦,忄
跃,足
越,走
粤,米
鉞,钅
閲,门
樂,丿
樾,木
嶽,山
龠,龠
黦,黑
瀹,氵
躍,足
躒,足
晕,日
暈,日
氲,气
云,二
匀,勹
芸,艹
沄,氵
妘,女
纭,纟
昀,日
郧,阝
耘,耒
紜,纟
雲,二
鄖,阝
筠,竹
澐,氵
允,儿
狁,犭
陨,阝
殒,歹
隕,阝
殞,歹
孕,子
运,辶
郓,阝
恽,忄
酝,酉
鄆,阝
愠,忄
惲,忄
運,辶
缊,纟
韫,韦
韵,音
蕴,艹
熨,火
緼,纟
醖,酉
餫,饣
韞,韦
蘊,艹
韻,音
帀,匚
匝,匚
咂,口
拶,扌
杂,木
砸,石
襍,木
雜,木
咋,口
灾,火
災,火
甾,田
哉,口
栽,木
烖,火
菑,艹
仔,亻
宰,宀
崽,山
載,车
再,冂
在,土
载,车
糌,米
簮,竹
簪,竹
咱,口
偺,口
昝,日
攒,扌
儹,亻
趱,走
趲,走
暂,日
賛,贝
暫,日
錾,金
赞,贝
瓉,王
鏨,金
贊,贝
瓒,王
瓚,王
喒,口
赃,贝
臧,臣
髒,月
贜,贝
驵,马
駔,马
脏,月
奘,艹
葬,艹
臟,月
遭,辶
糟,米
凿,凵
鑿,凵
早,日
枣,木
栆,木
蚤,虫
棗,木
澡,氵
藻,艹
繰,纟
皁,白
皂,白
灶,火
唕,口
唣,口
造,辶
喿,口
噪,口
燥,火
躁,足
竈,火
则,刂
责,贝
择,扌
迮,辶
泽,氵
則,刂
責,贝
啧,口
帻,巾
笮,竹
舴,舟
嘖,口
幘,巾
箦,竹
赜,贝
擇,扌
澤,氵
簀,竹
賾,贝
仄,人
昃,日
贼,贝
賊,贝
怎,心
谮,讠
譖,讠
增,土
憎,忄
缯,纟
罾,罒
锃,钅
鋥,钅
赠,贝
甑,瓦
繒,纟
贈,贝
扎,扌
吒,口
紥,扌
哳,口
紮,扌
揸,扌
喳,口
渣,氵
楂,木
樝,木
皻,鼻
齄,鼻
齇,鼻
札,木
甴,田
闸,门
铡,钅
閘,门
煠,火
鍘,钅
眨,目
砟,石
乍,丿
诈,讠
柞,木
栅,木
咤,口
炸,火
痄,疒
蚱,虫
詐,讠
摣,扌
榨,木
鮓,魚
斋,文
斎,文
摘,扌
宅,宀
窄,穴
债,亻
砦,石
債,亻
寨,宀
瘵,疒
沾,氵
毡,毛
旃,方
粘,米
詹,言
谵,讠
氊,毛
氈,毛
瞻,目
譫,讠
鳣,鱼
斩,斤
盏,皿
展,尸
斬,斤
崭,山
琖,皿
搌,扌
盞,皿
辗,车
嶃,山
嶄,山
醆,皿
輾,车
占,卜
佔,亻
栈,木
战,戈
站,立
绽,纟
棧,木
湛,氵
綻,纟
戰,戈
蘸,艹
张,弓
章,立
張,弓
鄣,阝
獐,犭
彰,彡
漳,氵
嫜,女
璋,王
樟,木
蟑,虫
麞,犭
长,长
仉,亻
涨,氵
掌,手
漲,氵
鞝,纟
丈,一
仗,亻
杖,木
帐,巾
账,贝
胀,月
帳,巾
脹,月
障,阝
嶂,山
幛,巾
賬,贝
瘴,疒
钊,钅
招,扌
昭,日
釗,钅
啁,口
爪,爪
找,扌
沼,氵
召,口
兆,儿
诏,讠
赵,走
炤,灬
笊,竹
棹,木
詔,讠
照,灬
罩,罒
趙,走
肈,聿
肇,聿
鮡,魚
櫂,木
蜇,虫
遮,辶
折,扌
哲,口
辄,车
喆,口
蛰,虫
谪,讠
摺,扌
輒,车
輙,车
磔,石
辙,车
蟄,虫
謫,讠
轍,车
讁,讠
者,耂
啫,口
锗,钅
赭,赤
鍺,钅
褶,衤
这,辶
柘,木
這,辶
浙,氵
蔗,艹
鹧,鸟
蟅,虫
鷓,鸟
着,目
贞,贝
针,钅
侦,亻
珍,王
珎,王
貞,贝
帧,巾
胗,月
浈,氵
真,目
桢,木
砧,石
針,钅
祯,礻
偵,亻
遉,亻
湞,氵
蓁,艹
斟,斗
楨,木
甄,瓦
禎,礻
榛,木
碪,石
箴,竹
臻,至
鍼,釒
鱵,魚
诊,讠
枕,木
轸,车
畛,田
疹,疒
軫,车
診,讠
缜,纟
稹,禾
縝,纟
圳,土
阵,阝
鸩,鸟
陣,阝
振,扌
朕,月
赈,贝
賑,贝
震,雨
镇,钅
鴆,鸟
鎮,钅
争,刀
征,彳
爭,刀
怔,忄
姃,女
挣,扌
峥,山
狰,犭
钲,钅
睁,目
铮,钅
筝,竹
蒸,艹
鉦,钅
錚,钅
癥,疒
拯,扌
整,攵
正,止
证,讠
郑,阝
诤,讠
政,攵
症,疒
証,讠
諍,讠
鄭,阝
之,丿
支,支
卮,厄
汁,氵
芝,艹
吱,口
巵,厄
枝,木
知,矢
肢,月
织,纟
栀,木
秖,礻
胝,月
祗,礻
隻 雙,口
脂,月
梔,木
臸,至
蜘,虫
織,纟
蘵,艹
执,扌
直,目
侄,亻
姪,亻
值,亻
埴,土
執,扌
职,耳
絷,糸
植,木
殖,歹
跖,足
摭,扌
踯,足
縶,糸
職,耳
蹠,足
躑,足
止,止
只,口
旨,日
阯,土
址,土
芷,艹
帋,纟
沚,氵
纸,纟
祉,礻
指,扌
枳,木
轵,车
咫,口
紙,纟
趾,足
黹,黹
酯,酉
徵,彳
至,至
志,心
豸,豸
忮,忄
郅,阝
帜,巾
帙,巾
制,刂
质,贝
炙,火
治,氵
栉,木
峙,山
陟,阝
贽,贝
挚,手
桎,木
轾,车
致,至
晊,日
秩,禾
胵,月
袟,巾
鸷,鸟
掷,扌
袠,巾
痔,疒
窒,穴
蛭,虫
智,日
痣,疒
滞,氵
骘,马
彘,彑
輊,车
置,罒
雉,隹
稚,禾
瘈,疒
滯,氵
踬,足
幟,巾
稺,禾
質,贝
膣,月
觯,角
擲,扌
櫛,木
螲,虫
穉,禾
贄,贝
瓆,王
觶,角
騭,马
鷙,鸟
躓,足
中,丨
妐,女
忠,心
终,纟
柊,木
盅,皿
钟,钅
舯,舟
衷,衣
終,纟
锺,钅
螽,虫
鐘,钅
肿,月
种,禾
冢,冖
塚 塚,冖
腫,月
種,禾
踵,足
仲,亻
众,人
重,里
衆,人
舟,舟
州,川
诌,讠
周,口
洲,氵
郮,阝
粥,米
謅,讠
妯,女
轴,车
軸,车
碡,石
肘,月
帚,巾
纣,纟
呪,口
咒,口
宙,宀
绉,纟
荮,艹
胄,月
昼,日
紂,纟
酎,酉
皱,皮
晝,日
葤,艹
皺,皮
縐,纟
骤,马
籀,竹
驟,马
朱,木
邾,阝
侏,亻
诛,讠
茱,艹
洙,氵
珠,王
株,木
诸,讠
铢,钅
猪,犭
蛛,虫
誅,讠
槠,木
銖,钅
潴,氵
橥,木
諸,讠
藷,艹
櫧,木
騶,马
竹,竹
竺,竹
逐,辶
烛,火
舳,舟
瘃,疒
燭,火
躅,足
蠾,虫
主,丶
拄,扌
罜,罒
渚,氵
煑,灬
煮,灬
嘱,口
麈,鹿
瞩,目
囑,口
矚,目
伫,亻
苎,艹
芧,艹
助,力
住,亻
佇,亻
杼,木
贮,贝
注,氵
驻,马
柱,木
炷,火
祝,礻
疰,疒
竚,亻
著,艹
蛀,虫
貯,贝
铸,钅
筑,竹
註,言
筯,竹
翥,羽
箸,竹
駐,马
築,竹
鑄,钅
抓,扌
拽,扌
专,一
叀,心
砖,石
專,一
剸,刂
塼,石
甎,石
颛,页
磚,石
顓,页
转,车
啭,口
赚,贝
撰,扌
篆,竹
馔,饣
賺,贝
轉,车
饌,饣
囀,口
妆,女
庄,广
妝,女
莊,广
桩,木
装,衣
粧,女
裝,衣
樁,木
壮,士
状,犬
壯,士
狀,犬
撞,扌
戅,心
隹,隹
追,辶
骓,马
椎,木
锥,钅
錐,钅
騅,马
坠,土
缀,纟
惴,忄
缒,纟
赘,贝
墜,土
綴,纟
縋,纟
贅,贝
肫,月
窀,穴
谆,讠
諄,讠
准,冫
拙,扌
捉,扌
桌,木
倬,亻
棁,木
涿,氵
琸,王
灼,火
茁,艹
卓,十
斫,斤
浊,氵
酌,酉
浞,氵
诼,讠
啄,口
禚,礻
鋜,钅
諑,讠
濁,氵
擢,扌
濯,氵
镯,钅
灂,氵
鐲,钅
孜,子
茲,艹
咨,口
姿,女
兹,丷
赀,贝
资,贝
淄,氵
谘,讠
缁,纟
辎,车
嵫,山
粢,米
孳,子
滋,氵
趑,走
貲,贝
觜,角
锱,钅
資,贝
龇,齿
緇,纟
輜,车
髭,髟
錙,钅
鲻,鱼
諮,讠
頾,髟
鯔,鱼
齜,齿
子,子
姉,女
姊,女
秄,耒
耔,耒
秭,禾
籽,米
笫,竹
梓,木
紫,糸
訾,言
滓,氵
自,自
字,子
恣,心
眥,目
眦,目
渍,氵
漬,氵
宗,宀
综,纟
棕,木
腙,月
椶,木
綜,纟
踪,足
鬃,髟
蹤,足
鬉,髟
鯮,魚
总,心
偬,亻
傯,亻
縂,心
總,心
纵,纟
疭,疒
粽,米
糉,米
縱,纟
邹,阝
驺,马
郰,阝
诹,讠
陬,阝
鄒,阝
諏,讠
鄹,阝
鲰,鱼
鯫,鱼
走,走
奏,大
揍,扌
租,禾
菹,艹
葅,艹
鉏,钅
足,足
卒,十
族,方
镞,钅
鏃,钅
诅,讠
阻,阝
组,纟
珇,王
俎,人
祖,礻
組,纟
詛,讠
钻,钅
躜,足
躦,足
缵,纟
纂,糸
纘,纟
攥,扌
鑚,钅
鑽,钅
蟕,虫
嘴,口
最,曰
罪,罒
辠,罒
蕞,艹
醉,酉
尊,寸
遵,辶
樽,木
罇,木
鐏,釒
鳟,鱼
鱒,鱼
僔,亻
撙,扌
嘬,口
昨,日
琢,王
左,工
佐,亻
作,亻
坐,土
阼,阝
怍,忄
胙,月
祚,礻
唑,口
座,广
做,亻
葃,艹
酢,酉
屡,尸
槃,木
栘,木
垱,土
斱,斤
垸,土
焗,火
纰,纟
剤,刂
珚,王
犤,牜
犦,牜
恀,忄
迚,辶
仸,亻
栺,木
觃,见
內,冂
硚,石
兲,八
瑄,王
鄪,阝
翾,羽
勠,力
沕,氵
眫,目
塅,土
浧,氵
蹚,足
溇,氵
曁,日
弶,弓
瞭,目
釆,釆
晩,日
劼,力
圏,囗
牤,牜
燊,火
垚,土
橫,木
埇,土
堺,土
巿,巾
璘,王
瓅,王
漴,氵
璟,王
臵,至
忞,心
滘,氵
査,木
崑,山
廻,廴
漷,氵
墻,土
崄,山
惢,心
筼,竹
筜,竹
宖,宀
梶,木
峇,山
垟,土
坵,土
骔,马
潩,氵
歔,欠
浬,氵
潟,氵
増,土
嘠,口
噼,口
叒,又
叕,又
碶,石
赟,贝
洰,氵
棪,木
嬛,女
対,寸
嗞,口
垻,土
铈,钅
鹮,鸟
溫,氵
鷞,鳥
丨,丨
眾,目
昫,日
啳,口
倞,亻
贠,贝
濛,氵
覌,見
拋,扌
袂,衤
睱,目
猇,犭
仼,亻
佈,亻
炻,火
岀,山
吿,口
吋,口
渉,氵
囸,囗
泃,氵
湜,氵
鲖,鱼
萛,艹
準,氵
黒,灬
砡,石
璍,王
裇,衤
淠,氵
氿,氵
滆,氵
篢,竹
嶋,山
荄,艹
簰,竹
晹,日
椥,木
洺,氵
厮,厂
韡,韋
漖,氵
隨,阝
犇,牛
塆,土
粵,米
埫,土
墰,土
積,禾
苲,艹
製,衣
恵,心
別,刂
縁,糹
圧,土
屮,屮
齢,齒
浄,氵
嗯,口
澙,氵
椪,木
暐,日
疍,疋
鹍,鸟
淨,氵
虛,虍
檢,木
磻,石
龑,龍
徎,彳
槻,木
堎,土
勍,力
镠,钅
虓,虍
漈,氵
澥,氵
佺,亻
楯,木
藵,艹
脫,月
脢,月
菉,艹
尓,小
埼,土
峧,山
棐,木
莾,艹
汭,氵
稥,禾
囧,囗
塈,土
渟,氵
間,門
靑,靑
秏,禾
氹,水
峣,山
減,氵
車,車
沒,氵
換,扌
労,力
毀,殳
亇,丿
迏,辶
毎,毋
焼,火
犮,犬
谞,讠
埾,土
瑀,王
梽,木
堌,土
硏,石
彔,彑
餘,飠
罝,罒
礐,石
洸,氵
淸,氵
畬,田
呂,口
楽,木
檖,木
卩,卩
帯,巾
滍,氵
馃,饣
桋,木
硂,石
屛,尸
塡,土
栴,木
皞,白
砕,石
竜,立
髙,高
昳,日
桲,木
產,生
嘚,口
栔,木
磹,石
抜,扌
塱,土
劵,力
効,力
冮,冫
咡,口
螚,虫
匚,匚
丿,丿
笹,竹
霂,雨
坮,土
莂,艹
竑,立
璆,王
嬢,女
渮,氵
決,氵
苝,艹
鞥,革
旡,旡
鉥,釒
栄,木
頲,頁
榙,木
筀,竹
潥,氵
鼔,鼓
託,言
饸,饣
饹,饣
銤,釒
値,亻
嵣,山
湑,氵
褀,衤
挻,扌
枟,木
枠,木
係,亻
鋆,金
薸,艹
靘,青
勷,力
墠,土
屽,山
叏,又
鐞,釒
冭,冫
兘,儿
愮,忄
洃,氵
嬫,女
満,氵
鏋,釒
勫,力
彂,弓
暟,日
鎹,釒
樉,木
紝,糹
鍏,釒
悆,心
鐕,釒
冪,冖
叅,厶
鐢,金
珯,王
鍙,金
戠,戈
噺,口
鎺,釒
掑,扌
悕,忄
鍓,釒
浗,氵
鍒,釒
綆,糹
銆,釒
佸,亻
嵃,山
佹,亻
棩,木
侀,亻
崡,山
炪,火
佷,亻
縿,糹
楁,木
柉,木
簹,竹
埄,土
氥,气
柎,木
颋,页
鹡,鸟
鸰,鸟
呯,口
暋,日
鉑,釒
娚,女
祾,礻
譞,言
嗮,口
圐,囗
圙,囗
筶,竹
粄,米
後,彳
尞,小
敽,攴
敮,攴
灢,氵
敩,攵
淉,氵
廋,广
広,广
鲊,鱼
暻,日
逬,辶
騄,馬
抔,扌
墎,土
褔,衤
臷,至
崬,山
遆,辶
繫,糸
曌,日
挷,扌
證,言
鲘,鱼
凎,冫
瑿,玉
昺,日
庡,广
徃,彳
戣,戈
篔,竹
曟,日
烇,火
夊,夂
窞,穴
闀,門
冨,冖
皵,皮
夋,夂
眰,目
炲,火
尯,尢
熸,火
夛,夕
犳,犭
皢,白
殑,歹
湪,氵
呭,口
叧,口
闂,門
瘮,疒
楄,木
圔,囗
牳,牜
巶,巳
勻,勹
戶,户
鋁,釒
塗,土
鱻,魚
屾,山
汈,氵
沬,氵
郞,阝
貟,貝
崚,山
钖,钅
舺,舟
冇,冂
夐,夂
檺,木
嬬,女
鍦,釒
幓,巾
伃,亻
曪,日
婂,女
嗗,口
洖,氵
栨,木
攢,扌
鍗,釒
秼,禾
翚,羽
錋,釒
墘,土
鎴,釒
閮,門
嬶,女
嗘,口
撴,扌
潫,氵
傝,亻
槸,木
鏂,釒
笅,竹
冦,冖
姏,女
忋,忄
竴,立
婇,女
彮,彡
愭,忄
勭,力
簬,竹
繘,糹
笁,竹
濈,氵
幇,巾
叿,口
剰,刂
夈,夂
炴,火
瞾,目
麿,麻
敤,攴
敥,攴
綯,糹
飬,飠
睍,目
瀰,氵
鶄,鳥
湨,氵
禇,礻
洑,氵
璄,王
畑,田
嚱,口
缷,缶
渓,氵
亊,亅
姟,女
闄,門
戝,戈
竷,立
嵁,山
鏄,釒
笟,竹
熶,火
忚,忄
惀,忄
崌,山
粡,米
庢,广
晥,日
鐩,釒
婃,女
寔,宀
熷,火
樿,木
忓,忄
繄,糸
鍑,釒
愩,忄
粠,米
鎶,釒
祫,礻
鐪,釒
氳,气
姇,女
囦,囗
冿,冫
鍚,釒
忎,心
泦,氵
敓,攵
曘,日
曞,日
燂,火
偔,亻
伀,亻
瓑,王
墿,土
屼,山
堜,土
嶈,山
篊,竹
觮,角
冑,冂
镛,钅
炘,火
旼,日
陜,阝
瑂,王
郉,阝
璪,王
両,一
畼,田
鍨,釒
钃,釒
勮,力
岃,山
崈,山
鐡,釒
垝,土
扡,扌
顣,頁
齨,齒
裬,衤
锜,钅
沶,氵
幆,巾
闆,門
洟,氵
欐,木
鐜,金
涢,氵
偗,亻
笢,竹
婄,女
劚,刂
熼,火
嫚,女
冴,冫
熻,火
嫃,女
湁,氵
冧,冖
睙,目
橀,木
悓,忄
櫒,木
圫,土
帴,巾
姛,女
鑳,釒
瘯,疒
愶,忄
忔,忄
椂,木
粨,米
鏉,釒
笘,竹
鐣,釒
姩,女
棤,木
屻,山
鑻,釒
繀,糹
鐚,釒
涳,氵
緷,糹
祦,礻
鍜,釒
潵,氵
洿,氵
氶,水
亾,人
嵎,山
晠,日
槗,木
犲,犭
楀,木
鎾,釒
嬩,女
鏍,釒
栬,木
呰,口
庨,广
鍝,釒
愯,忄
敋,攵
牬,牜
鍧,釒
仴,亻
勬,力
囨,囗
搷,扌
帇,巾
勯,力
洜,水
狅,犭
樻,木
畾,田
潬,氵
嬧,女
欍,木
傗,亻
濆,氵
彉,弓
粍,米
偟,亻
紵,糹
粛,米
圛,囗
紭,糹
弻,弓
鏅,釒
綋,糹
笌,竹
犺,犭
緭,糹
楃,木
瓙,王
勨,力
淐,氵
傛,亻
凷,凵
妧,女
柇,木
殰,歹
斿,方
涜,氵
傚,亻
叾,口
彁,弓
樼,木
氭,气
忕,忄
埌,土
憲,心
唴,口
粬,米
弬,弓
鍐,釒
呮,口
炵,火
栫,木
皟,白
皯,皮
哠,口
氱,气
弽,弓
鑺,釒
嶏,山
寲,宀
壒,土
紑,糹
鍖,釒
嗕,口
彲,彡
惎,心
楅,木
儴,亻
愪,忄
緵,糹
囪,囗
礋,石
垨,土
簨,竹
栧,木
眻,目
囷,囗
勪,力
晫,日
厛,厂
犵,犭
嫢,女
寖,宀
拰,扌
戦,戈
櫌,木
鍣,釒
啘,口
噾,口
鑴,釒
崟,山
濓,氵
厷,厶
堥,土
瘎,疒
笂,竹
旓,方
敼,攴
鏀,釒
洓,氵
巻,己
妭,女
箹,竹
灦,氵
堟,土
忛,忄
憳,忄
粖,米
寜,宀
綔,糸
嚧,口
洯,水
劧,力
姢,女
笉,竹
鐭,釒
噰,口
曢,日
毦,毛
岋,山
祹,礻
櫡,木
滃,氵
綇,糹
墴,土
嶆,山
皬,白
濅,氵
曚,日
嚭,士
偣,亻
煄,火
濋,氵
穽,穴
湰,氵
嚜,口
涚,氵
紒,糹
繛,糸
粓,米
鎽,釒
惤,忄
簳,竹
彶,彳
潽,氵
旇,方
妺,女
窇,穴
涗,氵
渹,氵
礇,石
緳,糸
繎,糹
噷,口
嫇,女
潕,氵
潶,氵
堢,土
岄,山
櫎,木
栵,木
嫭,女
偛,亻
尰,尢
鐤,釒
崼,山
熴,火
戙,戈
畨,田
垪,土
帹,巾
瀺,氵
庛,广
厜,厂
戜,戈
婅,女
铔,钅
庤,广
撶,扌
紪,糹
簻,竹
疄,田
変,夂
崐,山
嗐,口
畠,田
欎,木
敹,攵
兂,儿
洏,氵
瓨,瓦
泭,氵
斺,方
旈,方
垎,土
庣,广
熀,火
柦,木
囩,囗
珛,王
摝,扌
埅,土
崱,山
爣,火
秴,禾
尌,寸
喅,口
敎,攵
铚,钅
晣,日
溿,氵
傞,亻
湶,氵
厖,厂
櫤,木
鎱,釒
旂,方
彴,彳
钀,釒
晢,日
掕,扌
仈,亻
掗,扌
嗙,口
涘,氵
湇,氵
敱,攴
綅,糹
粐,米
瘑,疒
紶,糹
煡,火
嗛,口
棿,木
槬,木
湅,氵
叓,又
夌,夂
矝,矛
潎,氵
綍,糹
掓,扌
斁,攵
櫔,木
啛,口
噧,口
欌,木
潃,氵
嫨,女
簲,竹
搫,手
睜,目
鍌,金
懡,忄
娍,女
敠,攴
獕,犭
勩,力
墷,土
彙,彑
眬,目
戯,戈
垽,土
悎,忄
滐,氵
宀,宀
啀,口
牴,牜
秷,禾
鎭,釒
炶,火
閰,門
堣,土
嬮,女
厤,厂
幏,巾
暣,日
憟,忄
庝,广
湡,氵
渷,氵
栦,木
簭,竹
瘽,疒
姳,女
彫,彡
鎷,釒
栭,木
嫙,女
嬨,女
悊,心
侊,亻
潗,氵
皥,白
悇,忄
獙,犭
寚,宀
茞,艹
灉,氵
儱,亻
櫘,木
偙,亻
笓,竹
岕,山
矙,目
樋,木
悏,忄
尟,小
姫,女
樸,木
帾,巾
縺,糹
鐑,釒
嗭,口
仛,亻
瀬,氵
叴,口
犱,犭
磥,石
钂,釒
洘,氵
椼,木
瀯,氵
畞,田
鍫,金
倝,人
帓,巾
偧,亻
偍,亻
垏,土
炰,灬
杽,木
瓥,瓜
姄,女
煿,火
曗,日
埍,土
堬,土
粏,米
傦,亻
姤,女
垔,土
崥,山
帤,巾
鐖,釒
硾,石
壃,土
帢,巾
愰,忄
攱,支
咃,口
磭,石
炩,火
彇,弓
熲,火
墍,土
夎,夂
濊,氵
亴,亠
粫,米
潻,氵
矖,目
儏,亻
疁,田
欙,木
眹,目
栥,木
撯,扌
棴,木
垯,土
鍠,釒
悜,忄
垬,土
掋,扌
枃,木
鎯,釒
喌,口
簩,竹
掔,手
旀,方
墽,土
潈,氵
湭,氵
巼,0
姭,女
帰,巾
伅,亻
憡,忄
娿,女
牸,牜
崯,山
吀,口
斾,方
浘,氵
湷,氵
埛,土
撱,扌
佲,亻
伩,亻
煶,火
畻,田
獊,犭
拡,扌
儓,亻
檯,木
妱,女
潱,氵
綒,糹
笭,竹
瘔,疒
簤,竹
檽,木
緟,糹
娊,女
瀽,氵
丒,一
鍟,釒
緸,糹
厗,厂
楢,木
噐,口
睆,目
倛,亻
緉,糹
顏,頁
湉,氵
睒,目
峳,山
嶉,山
櫚,木